Country,Year,BFTn,BFTtons
SPAIN,1512,3511.00,526.65
SPAIN,1514,9317.00,1397.55
SPAIN,1515,6359.00,953.85
SPAIN,1516,6167.00,925.05
SPAIN,1525,31440.00,4716.00
SPAIN,1526,46015.00,6902.25
SPAIN,1527,31186.00,4677.90
SPAIN,1528,17428.00,2614.20
SPAIN,1529,33213.00,4981.95
SPAIN,1530,34567.00,5185.05
SPAIN,1532,37405.00,5610.75
SPAIN,1533,30550.00,4582.50
SPAIN,1534,35500.00,5325.00
SPAIN,1535,41130.00,6169.50
SPAIN,1536,34075.00,5111.25
SPAIN,1539,37520.00,5628.00
SPAIN,1540,82074.00,12311.10
SPAIN,1541,40813.00,6121.95
SPAIN,1542,92480.00,13872.00
SPAIN,1543,72212.00,10831.80
SPAIN,1544,43574.00,6536.10
SPAIN,1545,72322.00,10848.30
SPAIN,1547,89641.00,13446.15
SPAIN,1548,83230.00,12484.50
SPAIN,1549,102643.00,15396.45
SPAIN,1550,91638.00,13745.70
SPAIN,1551,71606.00,10740.90
SPAIN,1552,107065.00,16059.75
SPAIN,1553,42685.00,6402.75
SPAIN,1554,52663.00,7899.45
SPAIN,1555,47012.00,7051.80
SPAIN,1556,122475.00,18371.25
SPAIN,1557,51823.00,7773.45
SPAIN,1558,110152.00,16522.80
SPAIN,1559,125388.00,18808.20
SPAIN,1560,111453.00,16717.95
SPAIN,1562,115102.00,17265.30
SPAIN,1563,110698.00,16604.70
SPAIN,1564,115423.00,17313.45
SPAIN,1565,59050.00,8857.50
SPAIN,1566,125031.00,18754.65
SPAIN,1567,122382.00,18357.30
SPAIN,1568,118030.00,17704.50
SPAIN,1569,62671.00,9400.65
SPAIN,1570,115335.00,17300.25
SPAIN,1571,19608.00,2941.20
SPAIN,1572,37884.00,5682.60
SPAIN,1573,13317.00,1997.55
SPAIN,1574,18619.00,2792.85
SPAIN,1575,28496.00,4274.40
SPAIN,1576,44907.00,6736.05
SPAIN,1577,56589.00,8488.35
SPAIN,1578,92353.00,13852.95
SPAIN,1579,28098.00,4214.70
SPAIN,1580,47021.00,7053.15
SPAIN,1581,66817.00,10022.55
SPAIN,1582,48449.00,7267.35
SPAIN,1583,19907.00,2986.05
SPAIN,1584,59051.00,8857.65
SPAIN,1585,22986.00,3447.90
SPAIN,1586,14746.00,2211.90
SPAIN,1587,12571.00,1885.65
SPAIN,1588,73385.00,11007.75
SPAIN,1589,802.00,120.30
SPAIN,1590,12286.00,1842.90
SPAIN,1591,848.00,127.20
SPAIN,1592,10100.00,1515.00
SPAIN,1593,1923.00,288.45
SPAIN,1594,3259.00,488.85
SPAIN,1595,5212.00,781.80
SPAIN,1597,3081.00,462.15
SPAIN,1598,3838.00,575.70
SPAIN,1599,2993.00,448.95
SPAIN,1600,2354.00,353.10
SPAIN,1601,5183.00,777.45
SPAIN,1602,2740.00,411.00
SPAIN,1603,2725.00,408.75
SPAIN,1604,337.00,50.55
SPAIN,1605,23759.00,3563.85
SPAIN,1606,12151.00,1822.65
SPAIN,1607,9143.00,1371.45
SPAIN,1608,14713.00,2206.95
SPAIN,1609,2296.00,344.40
SPAIN,1610,3173.00,475.95
SPAIN,1611,6338.00,950.70
SPAIN,1612,8014.00,1202.10
SPAIN,1614,2848.00,427.20
SPAIN,1615,9048.00,1357.20
SPAIN,1616,21347.00,3202.05
SPAIN,1617,32613.00,4891.95
SPAIN,1618,16525.00,2478.75
SPAIN,1619,24138.00,3620.70
SPAIN,1620,20226.00,3033.90
SPAIN,1621,29784.00,4467.60
SPAIN,1622,37467.00,5620.05
SPAIN,1623,22365.00,3354.75
SPAIN,1624,29722.00,4458.30
SPAIN,1625,29997.00,4499.55
SPAIN,1626,16640.00,2496.00
SPAIN,1627,25354.00,3803.10
SPAIN,1628,16948.00,2542.20
SPAIN,1629,13563.00,2034.45
SPAIN,1630,11322.00,1698.30
SPAIN,1631,23242.00,3486.30
SPAIN,1632,31226.00,4683.90
SPAIN,1633,33216.00,4982.40
SPAIN,1634,22991.00,3448.65
SPAIN,1635,29389.00,4408.35
SPAIN,1636,24394.00,3659.10
SPAIN,1637,24500.00,3675.00
SPAIN,1638,23922.00,3588.30
SPAIN,1639,33600.00,5040.00
SPAIN,1640,13821.00,2073.15
SPAIN,1641,13130.00,1969.50
SPAIN,1642,12198.00,1829.70
SPAIN,1643,3120.00,468.00
SPAIN,1644,7295.00,1094.25
SPAIN,1645,21000.00,3150.00
SPAIN,1646,8623.00,1293.45
SPAIN,1647,6199.00,929.85
SPAIN,1648,19294.00,2894.10
SPAIN,1649,1152.00,172.80
SPAIN,1652,12845.00,1926.75
SPAIN,1653,23114.00,3467.10
SPAIN,1654,24355.00,3653.25
SPAIN,1655,14783.00,2217.45
SPAIN,1656,13381.00,2007.15
SPAIN,1657,25412.00,3811.80
SPAIN,1658,9344.00,1401.60
SPAIN,1659,13869.00,2080.35
SPAIN,1660,10520.00,1578.00
SPAIN,1661,6452.00,967.80
SPAIN,1662,11004.00,1650.60
SPAIN,1663,16874.00,2531.10
SPAIN,1664,18438.00,2765.70
SPAIN,1665,15673.00,2350.95
SPAIN,1666,22211.00,3331.65
SPAIN,1667,19432.00,2914.80
SPAIN,1668,20042.00,3006.30
SPAIN,1669,24658.00,3698.70
SPAIN,1670,26487.00,3973.05
SPAIN,1671,27890.00,4183.50
SPAIN,1672,24810.00,3721.50
SPAIN,1673,15798.00,2369.70
SPAIN,1674,10156.00,1523.40
SPAIN,1675,8564.00,1284.60
SPAIN,1676,13157.00,1973.55
SPAIN,1677,2695.00,404.25
SPAIN,1678,4951.00,742.65
SPAIN,1680,2768.00,415.20
SPAIN,1682,1994.00,299.10
SPAIN,1684,80.00,12.00
SPAIN,1685,2798.00,419.70
SPAIN,1686,3015.00,452.25
SPAIN,1687,2892.00,433.80
SPAIN,1688,3506.00,525.90
SPAIN,1689,9427.00,1414.05
SPAIN,1690,850.00,127.50
SPAIN,1691,1535.00,230.25
SPAIN,1692,394.00,59.10
SPAIN,1693,306.00,45.90
SPAIN,1694,387.00,58.05
SPAIN,1698,2105.00,315.75
SPAIN,1699,273.00,40.95
SPAIN,1700,1643.00,246.45
SPAIN,1701,397.00,59.55
SPAIN,1702,98.00,14.70
SPAIN,1703,9.00,1.35
SPAIN,1704,301.00,45.15
SPAIN,1706,1058.00,158.70
SPAIN,1707,512.00,76.80
SPAIN,1708,203.00,30.45
SPAIN,1709,618.00,92.70
SPAIN,1710,196.00,29.40
SPAIN,1711,778.00,116.70
SPAIN,1712,3550.00,532.50
SPAIN,1713,6137.00,920.55
SPAIN,1714,3509.00,526.35
SPAIN,1715,2329.00,349.35
SPAIN,1716,1033.00,154.95
SPAIN,1717,1088.00,163.20
SPAIN,1718,831.00,124.65
SPAIN,1719,2438.00,365.70
SPAIN,1722,623.00,93.45
SPAIN,1723,267.00,40.05
SPAIN,1724,1470.00,220.50
SPAIN,1725,5943.00,891.45
SPAIN,1726,5490.00,823.50
SPAIN,1727,3540.00,531.00
SPAIN,1728,6837.00,1025.55
SPAIN,1729,5846.00,876.90
SPAIN,1730,4894.00,734.10
SPAIN,1731,2389.00,358.35
SPAIN,1732,6846.00,1026.90
SPAIN,1733,8805.00,1320.75
SPAIN,1734,4986.00,747.90
SPAIN,1735,3807.00,571.05
SPAIN,1736,7819.00,1172.85
SPAIN,1737,9498.00,1424.70
SPAIN,1738,13728.00,2059.20
SPAIN,1739,10592.00,1588.80
SPAIN,1740,2370.00,355.50
SPAIN,1741,9685.00,1452.75
SPAIN,1742,7030.00,1054.50
SPAIN,1743,10714.00,1607.10
SPAIN,1744,9868.00,1480.20
SPAIN,1745,9272.00,1390.80
SPAIN,1746,5455.00,818.25
SPAIN,1747,5332.00,799.80
SPAIN,1748,15191.00,2278.65
SPAIN,1749,7373.00,1105.95
SPAIN,1750,7816.00,1172.40
SPAIN,1751,8706.00,1305.90
SPAIN,1752,1353.00,202.95
SPAIN,1753,4377.00,656.55
SPAIN,1754,7081.00,1062.15
SPAIN,1755,7615.00,1142.25
SPAIN,1756,9918.00,1487.70
SPAIN,1757,417.00,62.55
SPAIN,1758,1742.00,261.30
SPAIN,1759,3348.00,502.20
SPAIN,1760,5131.00,769.65
SPAIN,1761,1402.00,210.30
SPAIN,1762,633.00,94.95
SPAIN,1763,46.00,6.90
SPAIN,1765,978.00,146.70
SPAIN,1766,1986.00,297.90
SPAIN,1767,3912.00,586.80
SPAIN,1768,198.00,29.70
SPAIN,1769,730.00,109.50
SPAIN,1771,381.00,57.15
SPAIN,1775,1996.00,299.40
SPAIN,1776,2412.00,361.80
SPAIN,1777,2220.00,333.00
SPAIN,1778,6706.00,1005.90
SPAIN,1779,7937.00,1190.55
SPAIN,1780,5123.00,768.45
SPAIN,1781,1545.00,231.75
SPAIN,1782,6253.00,937.95
SPAIN,1783,7863.00,1179.45
SPAIN,1784,14645.00,2196.75
SPAIN,1785,15242.00,2286.30
SPAIN,1786,12990.00,1948.50
SPAIN,1787,10012.00,1501.80
SPAIN,1788,15176.00,2276.40
SPAIN,1789,7695.00,1154.25
SPAIN,1790,12627.00,1894.05
SPAIN,1791,15761.00,2364.15
SPAIN,1792,16720.00,2508.00
SPAIN,1793,14134.00,2120.10
SPAIN,1794,6037.00,905.55
SPAIN,1795,9883.00,1482.45
SPAIN,1796,11994.00,1799.10
SPAIN,1797,17459.00,2618.85
SPAIN,1798,11306.00,1695.90
SPAIN,1799,13792.00,2068.80
SPAIN,1800,3127.00,469.05
SPAIN,1801,15098.00,2264.70
SPAIN,1802,13403.00,2010.45
SPAIN,1803,7579.00,1136.85
SPAIN,1804,10780.00,1617.00
SPAIN,1805,9340.00,1401.00
SPAIN,1806,9642.00,1446.30
SPAIN,1807,21757.00,3263.55
SPAIN,1808,38650.00,5797.50
SPAIN,1809,27620.00,4143.00
SPAIN,1813,5672.00,850.80
SPAIN,1814,8795.00,1319.25
SPAIN,1816,3615.00,542.25
SPAIN,1872,4207.00,631.10
SPAIN,1873,3757.32,563.60
SPAIN,1874,1840.45,276.07
SPAIN,1884,30000.00,4500.00
SPAIN,1885,45700.00,6855.00
SPAIN,1886,28300.00,4245.00
SPAIN,1887,18200.00,2730.00
SPAIN,1902,812.00,121.80
SPAIN,1903,9168.00,1375.20
SPAIN,1904,7935.00,1190.25
SPAIN,1905,1438.00,215.70
SPAIN,1906,9913.00,1486.95
SPAIN,1907,16525.00,2478.75
SPAIN,1908,22625.00,3393.75
SPAIN,1909,24810.00,3721.50
SPAIN,1910,32025.00,4803.75
SPAIN,1911,22963.00,3464.65
SPAIN,1912,35760.00,5408.92
SPAIN,1913,45972.00,6992.72
SPAIN,1914,107550.00,10004.76
SPAIN,1915,57557.00,8633.55
SPAIN,1916,46042.00,6906.30
SPAIN,1917,60456.00,9068.40
SPAIN,1918,69120.00,10368.00
SPAIN,1919,60263.00,8895.14
SPAIN,1920,72335.00,10613.12
SPAIN,1921,90483.00,13572.45
SPAIN,1922,81350.00,12202.50
SPAIN,1923,71283.00,10670.14
SPAIN,1924,80539.00,11929.27
SPAIN,1925,53926.00,8025.85
SPAIN,1926,56811.00,8521.65
SPAIN,1927,95905.00,14579.48
SPAIN,1928,90152.00,13347.44
SPAIN,1929,95121.00,13760.19
SPAIN,1930,118408.00,16853.85
SPAIN,1931,93543.00,13467.95
SPAIN,1932,54634.00,8105.66
SPAIN,1933,55989.00,8180.92
SPAIN,1934,39913.00,5992.75
SPAIN,1935,25752.00,3694.01
SPAIN,1936,47205.00,5917.58
SPAIN,1937,75902.00,9097.50
SPAIN,1938,59421.00,6609.80
SPAIN,1939,50446.00,5975.95
SPAIN,1940,49739.00,5019.56
SPAIN,1941,32194.00,4061.14
SPAIN,1942,36949.00,5077.43
SPAIN,1943,77472.00,9904.76
SPAIN,1944,63379.00,7664.27
SPAIN,1945,47519.00,5405.27
SPAIN,1946,65685.00,6992.15
SPAIN,1947,67621.00,6457.07
SPAIN,1948,47358.00,5376.79
SPAIN,1949,93028.00,11458.56
SPAIN,1950,64071.00,7364.88
SPAIN,1951,35318.00,3679.68
SPAIN,1952,46703.00,5213.69
SPAIN,1953,67456.00,7630.05
SPAIN,1954,55172.00,6770.71
SPAIN,1955,58263.00,8277.66
SPAIN,1956,63205.00,8981.98
SPAIN,1957,60167.00,9411.44
SPAIN,1958,53337.00,9104.66
SPAIN,1959,35408.00,5187.86
SPAIN,1960,45279.00,6220.22
SPAIN,1961,35235.00,4878.51
SPAIN,1962,35606.00,4960.84
SPAIN,1963,147979.00,2605.66
SPAIN,1964,15452.00,2655.11
SPAIN,1965,19975.00,3414.82
SPAIN,1966,15451.00,1502.98
SPAIN,1967,27341.00,3122.29
SPAIN,1968,8582.00,1380.31
SPAIN,1969,9839.00,1802.22
SPAIN,1970,9830.00,1690.59
SPAIN,1971,3037.00,651.45
SPAIN,1972,914.00,134.00
SPAIN,1973,2733.00,520.40
SPAIN,1974,37.00,8.50
SPAIN,1975,1862.00,447.60
SPAIN,1976,2558.00,490.24
SPAIN,1977,1626.00,339.22
SPAIN,1978,2976.00,633.90
SPAIN,1979,2998.00,610.40
SPAIN,1980,5065.00,811.15
SPAIN,1981,7426.00,1113.90
SPAIN,1982,10918.00,1636.40
SPAIN,1983,11201.00,1679.34
SPAIN,1984,11573.00,1718.32
SPAIN,1985,24955.00,1932.12
SPAIN,1986,4774.00,824.19
SPAIN,1987,6284.00,1034.58
SPAIN,1988,12938.00,2282.76
SPAIN,1989,9310.00,1318.18
SPAIN,1990,16809.00,2651.38
SPAIN,1991,6754.00,1025.33
SPAIN,1992,7693.00,1197.92
SPAIN,1993,6060.00,990.39
SPAIN,1994,5399.00,966.15
SPAIN,1995,4915.00,893.47
SPAIN,1996,5188.00,1023.91
SPAIN,1997,16438.00,2657.57
SPAIN,1998,12465.00,1930.89
SPAIN,1999,19629.00,3106.39
SPAIN,2000,8546.00,1309.47
SPAIN,2001,6957.00,1205.38
SPAIN,2002,8875.00,1415.36
SPAIN,2003,4622.00,784.09
SPAIN,2004,4253.00,676.14
SPAIN,2005,4684.00,742.68
SPAIN,2006,7855.00,1126.18
SPAIN,2007,8379.00,1256.85
SPAIN,2008,6882.00,1198.49
SPAIN,2009,9280.00,1392.00
ITALY,1595,2713.46,461.29
ITALY,1596,316.05,53.73
ITALY,1599,18824.28,3200.13
ITALY,1600,5746.21,976.86
ITALY,1601,2219.91,377.38
ITALY,1602,15973.36,2715.47
ITALY,1603,5500.52,935.09
ITALY,1604,8816.85,1498.86
ITALY,1605,11964.33,2033.94
ITALY,1606,5905.32,1003.90
ITALY,1607,13670.12,2323.92
ITALY,1608,3341.22,568.01
ITALY,1609,1481.74,251.90
ITALY,1610,2423.39,411.98
ITALY,1611,1940.66,329.91
ITALY,1612,4382.45,745.02
ITALY,1613,8420.71,1431.52
ITALY,1618,7877.36,1339.15
ITALY,1619,1865.98,317.22
ITALY,1620,23252.19,3952.87
ITALY,1621,29188.89,4962.11
ITALY,1622,24520.71,4168.52
ITALY,1623,17665.08,3003.06
ITALY,1624,23529.27,3999.98
ITALY,1625,26880.24,4569.64
ITALY,1626,34144.99,5804.65
ITALY,1627,1490.40,253.37
ITALY,1628,21018.21,3573.10
ITALY,1629,34553.04,5874.02
ITALY,1630,10161.13,1727.39
ITALY,1631,16736.42,2845.19
ITALY,1632,12736.05,2165.13
ITALY,1633,12589.93,2140.29
ITALY,1634,32874.31,5588.63
ITALY,1635,11780.33,2002.66
ITALY,1636,9767.15,1660.42
ITALY,1637,17910.78,3044.83
ITALY,1638,31837.41,5412.36
ITALY,1640,7197.65,1223.60
ITALY,1641,4437.65,754.40
ITALY,1642,5218.02,887.06
ITALY,1643,5502.68,935.46
ITALY,1644,11884.24,2020.32
ITALY,1645,12474.12,2120.60
ITALY,1646,18605.65,3162.96
ITALY,1647,8958.64,1522.97
ITALY,1648,7897.93,1342.65
ITALY,1649,8573.32,1457.46
ITALY,1650,11707.81,1990.33
ITALY,1651,6196.47,1053.40
ITALY,1652,11222.92,1907.90
ITALY,1653,12366.96,2102.38
ITALY,1654,16041.55,2727.06
ITALY,1655,9793.13,1664.83
ITALY,1656,7892.52,1341.73
ITALY,1657,14413.69,2450.33
ITALY,1658,8752.99,1488.01
ITALY,1659,17911.86,3045.02
ITALY,1660,11862.99,2016.71
ITALY,1661,8118.53,1380.15
ITALY,1662,12762.74,2169.67
ITALY,1663,7374.00,1253.58
ITALY,1664,13881.95,2359.93
ITALY,1665,13579.20,2308.46
ITALY,1666,6732.24,1144.48
ITALY,1667,3954.00,672.18
ITALY,1668,3688.00,626.96
ITALY,1669,5774.00,981.58
ITALY,1670,4031.21,685.31
ITALY,1671,5800.82,986.14
ITALY,1672,14200.42,2414.07
ITALY,1673,4756.98,808.69
ITALY,1674,2889.65,491.24
ITALY,1675,4947.00,840.99
ITALY,1676,4710.00,800.70
ITALY,1677,6195.00,1053.15
ITALY,1678,5150.00,875.50
ITALY,1679,6861.00,1166.37
ITALY,1680,7193.00,1222.81
ITALY,1681,8143.00,1384.31
ITALY,1682,1335.00,226.95
ITALY,1683,2343.00,398.31
ITALY,1684,2085.00,354.45
ITALY,1685,5220.00,887.40
ITALY,1686,2944.00,500.48
ITALY,1687,3485.00,592.45
ITALY,1688,2172.20,369.27
ITALY,1689,4149.42,705.40
ITALY,1690,3454.00,587.18
ITALY,1691,4319.00,734.23
ITALY,1692,4603.55,782.60
ITALY,1693,4994.00,848.98
ITALY,1694,3843.96,653.47
ITALY,1695,3226.08,548.43
ITALY,1696,5706.59,970.12
ITALY,1697,2658.09,451.88
ITALY,1698,2511.46,426.95
ITALY,1699,5518.00,938.06
ITALY,1700,3094.09,526.00
ITALY,1701,5255.91,893.50
ITALY,1702,5014.54,852.47
ITALY,1703,1020.66,173.51
ITALY,1704,1292.33,219.70
ITALY,1705,1383.25,235.15
ITALY,1706,1540.19,261.83
ITALY,1707,835.58,142.05
ITALY,1708,643.56,109.41
ITALY,1710,1181.93,200.93
ITALY,1711,1962.31,333.59
ITALY,1712,5416.09,920.74
ITALY,1713,8301.65,1411.28
ITALY,1714,8591.96,1460.63
ITALY,1715,4942.34,840.20
ITALY,1716,5155.33,876.41
ITALY,1717,3613.81,614.35
ITALY,1718,4932.55,838.53
ITALY,1719,2198.26,373.70
ITALY,1720,4614.91,784.53
ITALY,1721,1917.20,325.92
ITALY,1722,1978.88,336.41
ITALY,1723,1927.88,327.74
ITALY,1724,1412.07,240.05
ITALY,1725,2267.33,385.45
ITALY,1726,3422.42,581.81
ITALY,1727,2578.34,438.32
ITALY,1728,4353.40,740.08
ITALY,1730,4263.92,724.87
ITALY,1731,7464.36,1268.94
ITALY,1732,5210.02,885.70
ITALY,1733,5146.91,874.97
ITALY,1734,2873.66,488.52
ITALY,1738,3365.41,572.12
ITALY,1739,10450.45,1776.58
ITALY,1740,6169.16,1048.76
ITALY,1741,6942.87,1180.29
ITALY,1742,4802.62,816.45
ITALY,1743,6421.41,1091.64
ITALY,1744,5062.54,860.63
ITALY,1745,7094.76,1206.11
ITALY,1746,6605.34,1122.91
ITALY,1747,7733.76,1314.74
ITALY,1748,9072.54,1542.33
ITALY,1749,11751.16,1997.70
ITALY,1750,7096.16,1206.35
ITALY,1751,8584.22,1459.32
ITALY,1752,10442.15,1775.17
ITALY,1753,10730.04,1824.11
ITALY,1754,6328.82,1075.90
ITALY,1755,17364.14,2951.90
ITALY,1756,13128.51,2231.85
ITALY,1757,14206.79,2415.15
ITALY,1758,14756.88,2508.67
ITALY,1759,12009.62,2041.64
ITALY,1760,16105.13,2737.87
ITALY,1761,14929.59,2538.03
ITALY,1762,10116.66,1719.83
ITALY,1763,16121.67,2740.68
ITALY,1764,11817.16,2008.92
ITALY,1765,3155.52,536.44
ITALY,1766,8234.71,1399.90
ITALY,1767,7064.35,1200.94
ITALY,1768,4666.00,793.22
ITALY,1769,9770.02,1660.90
ITALY,1770,5456.72,927.64
ITALY,1771,15296.65,2600.43
ITALY,1772,16876.66,2869.03
ITALY,1773,5695.71,968.27
ITALY,1774,10114.16,1719.41
ITALY,1775,9173.09,1559.43
ITALY,1776,12625.27,2146.30
ITALY,1777,4591.20,780.50
ITALY,1778,11229.66,1909.04
ITALY,1779,3445.16,585.68
ITALY,1780,4903.22,833.55
ITALY,1781,6067.65,1031.50
ITALY,1782,6704.89,1139.83
ITALY,1783,8726.20,1483.45
ITALY,1784,7824.24,1330.12
ITALY,1785,9585.96,1629.61
ITALY,1786,10957.65,1862.80
ITALY,1787,26009.01,4421.53
ITALY,1788,6134.46,1042.86
ITALY,1789,4957.15,842.72
ITALY,1790,7595.13,1291.17
ITALY,1791,5792.58,984.74
ITALY,1792,3347.09,569.01
ITALY,1793,24123.00,4100.91
ITALY,1794,5382.98,915.11
ITALY,1795,2367.44,402.46
ITALY,1796,4328.79,735.89
ITALY,1797,5691.12,967.49
ITALY,1798,1293.64,219.92
ITALY,1799,2207.95,375.35
ITALY,1800,1603.88,272.66
ITALY,1801,1337.00,227.29
ITALY,1802,5152.44,875.91
ITALY,1803,3045.00,517.65
ITALY,1804,1722.98,292.91
ITALY,1805,2422.52,411.83
ITALY,1806,10666.04,1813.23
ITALY,1807,1623.00,275.91
ITALY,1808,3063.00,520.71
ITALY,1809,2870.00,487.90
ITALY,1810,2144.00,364.48
ITALY,1811,1212.00,206.04
ITALY,1812,488.00,82.96
ITALY,1813,4717.00,801.89
ITALY,1814,2137.00,363.29
ITALY,1815,905.00,153.85
ITALY,1817,3142.00,534.14
ITALY,1818,824.00,140.08
ITALY,1820,267.00,45.39
ITALY,1823,1977.00,336.09
ITALY,1824,1791.00,304.47
ITALY,1825,2686.00,456.62
ITALY,1826,3251.00,552.67
ITALY,1827,2268.00,385.56
ITALY,1828,3868.00,657.56
ITALY,1829,14345.00,2438.65
ITALY,1830,16982.00,2647.23
ITALY,1831,12225.00,2077.47
ITALY,1832,10390.00,1766.30
ITALY,1833,8259.00,1404.03
ITALY,1834,9922.00,1511.43
ITALY,1835,9559.00,1558.23
ITALY,1836,7062.00,1149.68
ITALY,1837,12092.00,2031.25
ITALY,1838,17501.00,2975.17
ITALY,1839,15668.00,2663.56
ITALY,1840,25206.00,4285.02
ITALY,1841,18736.00,3185.12
ITALY,1842,24080.84,4093.74
ITALY,1843,17135.60,2913.05
ITALY,1844,23351.86,3969.82
ITALY,1845,16423.39,2791.98
ITALY,1846,10897.61,1852.59
ITALY,1847,15245.27,2591.70
ITALY,1848,15941.00,2709.97
ITALY,1849,15675.00,2664.75
ITALY,1850,8491.00,1443.47
ITALY,1851,11597.00,1971.49
ITALY,1852,8985.54,1527.54
ITALY,1853,19930.00,3388.10
ITALY,1854,24228.54,4118.85
ITALY,1855,19386.76,3295.75
ITALY,1856,6442.00,1095.14
ITALY,1857,9680.00,1645.60
ITALY,1858,3556.00,604.52
ITALY,1859,22717.00,3861.89
ITALY,1860,14429.00,2452.93
ITALY,1861,8971.00,1525.07
ITALY,1862,9025.00,1534.25
ITALY,1863,17970.00,3054.90
ITALY,1864,14753.00,2508.01
ITALY,1865,32492.00,5523.64
ITALY,1866,15590.00,2650.30
ITALY,1867,11638.00,1978.46
ITALY,1868,24668.00,4193.56
ITALY,1869,27513.00,4677.21
ITALY,1870,18980.00,3226.60
ITALY,1871,14637.00,2488.29
ITALY,1872,25311.00,4302.87
ITALY,1873,21772.00,3701.24
ITALY,1874,8641.00,1421.43
ITALY,1875,18708.00,3111.89
ITALY,1876,30189.00,5016.88
ITALY,1877,28747.00,4821.50
ITALY,1878,55193.00,9286.06
ITALY,1879,33202.00,5576.28
ITALY,1880,46304.00,7807.79
ITALY,1881,75687.00,12629.49
ITALY,1882,55557.00,9399.16
ITALY,1883,51916.00,8780.08
ITALY,1884,51615.00,8641.68
ITALY,1885,32389.41,5437.66
ITALY,1886,41195.18,6814.77
ITALY,1887,36669.24,6054.02
ITALY,1888,38544.94,6503.71
ITALY,1889,37681.12,6405.79
ITALY,1890,38261.71,6187.59
ITALY,1891,44701.47,7206.98
ITALY,1892,32964.12,5379.60
ITALY,1893,29602.82,4904.78
ITALY,1894,35866.06,5511.36
ITALY,1895,15268.53,2301.69
ITALY,1896,42414.59,6882.18
ITALY,1897,47791.94,7423.84
ITALY,1898,45463.53,7322.25
ITALY,1899,49774.53,7746.96
ITALY,1900,54767.18,8853.19
ITALY,1901,57783.94,9017.10
ITALY,1902,50625.82,7639.22
ITALY,1903,56101.59,8987.60
ITALY,1904,53463.82,8570.51
ITALY,1905,61812.47,9445.17
ITALY,1906,51758.29,8616.28
ITALY,1907,40903.53,6150.93
ITALY,1908,38130.71,5992.56
ITALY,1909,58239.47,7300.90
ITALY,1910,76740.76,9608.32
ITALY,1911,75594.71,7785.61
ITALY,1912,53790.59,4381.88
ITALY,1913,46631.06,4749.33
ITALY,1914,53784.00,5091.88
ITALY,1915,27701.00,3697.06
ITALY,1916,40097.47,5511.61
ITALY,1917,18532.59,2666.54
ITALY,1918,34251.29,5094.43
ITALY,1919,33892.94,4763.29
ITALY,1920,33723.71,4385.89
ITALY,1921,37218.82,5241.66
ITALY,1922,37661.59,5818.58
ITALY,1923,42823.41,5627.79
ITALY,1924,38661.24,4424.68
ITALY,1925,22628.24,2847.12
ITALY,1926,17240.41,1669.85
ITALY,1927,14518.53,1754.04
ITALY,1928,18267.06,2388.71
ITALY,1929,16978.88,1805.55
ITALY,1930,10840.71,1270.40
ITALY,1931,19174.00,3182.58
ITALY,1932,15948.00,2070.06
ITALY,1933,11387.00,1775.94
ITALY,1934,17091.12,2671.20
ITALY,1935,6517.94,1034.87
ITALY,1936,10126.29,1721.47
ITALY,1937,9762.58,1659.64
ITALY,1938,10905.07,1853.86
ITALY,1939,9850.09,1674.52
ITALY,1940,8697.56,1478.58
ITALY,1941,14056.17,2389.55
ITALY,1942,12521.08,2128.58
ITALY,1943,4236.71,720.24
ITALY,1944,16486.06,2802.63
ITALY,1945,7349.80,1249.47
ITALY,1946,13804.94,2346.84
ITALY,1947,14425.11,2452.27
ITALY,1948,6922.58,1176.84
ITALY,1949,11439.59,1944.73
ITALY,1950,13112.36,2229.10
ITALY,1951,13518.94,2298.22
ITALY,1952,6001.35,1020.23
ITALY,1953,7806.22,1327.06
ITALY,1954,9062.70,1540.66
ITALY,1955,9641.63,1639.08
ITALY,1956,7563.27,1285.76
ITALY,1957,12923.58,2197.01
ITALY,1958,15769.47,2680.81
ITALY,1959,10507.62,1786.29
ITALY,1960,9551.00,1623.67
ITALY,1961,8099.00,1376.83
ITALY,1962,9554.67,1624.29
ITALY,1963,6294.00,1069.98
ITALY,1964,8608.33,1463.42
ITALY,1965,7112.00,1209.04
ITALY,1966,5653.00,961.01
ITALY,1967,10813.00,1838.21
ITALY,1968,12925.00,2197.25
ITALY,1969,7594.00,1290.98
ITALY,1970,5335.00,906.95
ITALY,1971,6706.00,1140.02
ITALY,1972,3873.00,658.41
ITALY,1973,1454.00,247.18
ITALY,1974,2361.00,401.37
ITALY,1975,3861.00,656.37
ITALY,1976,2922.00,496.74
ITALY,1977,1972.00,335.24
ITALY,1978,870.00,147.90
ITALY,1979,612.00,104.04
ITALY,1980,559.00,95.03
ITALY,1981,633.00,107.61
ITALY,1982,714.00,121.38
ITALY,1983,849.00,144.33
ITALY,1984,437.00,74.29
ITALY,1985,665.00,113.05
ITALY,1986,1051.00,178.67
ITALY,1987,264.00,44.88
ITALY,1988,375.00,63.75
ITALY,1989,1348.00,229.16
ITALY,1990,1321.00,224.57
ITALY,1991,1266.00,215.22
ITALY,1992,1477.00,251.09
ITALY,1993,970.00,164.90
ITALY,1994,758.00,128.86
ITALY,1995,988.00,167.96
ITALY,1996,1633.00,277.61
ITALY,1997,770.00,130.90
ITALY,2007,983.00,86.68
ITALY,2008,1912.00,121.19
PORTUGAL,1797,10665.00,1813.00
PORTUGAL,1798,9332.00,1586.00
PORTUGAL,1799,3734.00,635.00
PORTUGAL,1800,11665.00,1983.00
PORTUGAL,1801,3000.00,510.00
PORTUGAL,1802,7000.00,1190.00
PORTUGAL,1803,11334.00,1927.00
PORTUGAL,1804,19500.00,3315.00
PORTUGAL,1805,7667.00,1303.00
PORTUGAL,1806,11665.00,1983.00
PORTUGAL,1807,2166.00,368.00
PORTUGAL,1808,3170.00,539.00
PORTUGAL,1809,3367.00,572.00
PORTUGAL,1810,13467.00,2289.00
PORTUGAL,1811,4872.00,828.00
PORTUGAL,1812,7000.00,1190.00
PORTUGAL,1813,14665.00,2493.00
PORTUGAL,1814,8232.00,1399.00
PORTUGAL,1815,6834.00,1162.00
PORTUGAL,1816,700.00,119.00
PORTUGAL,1817,4965.00,844.00
PORTUGAL,1837,5464.00,929.00
PORTUGAL,1838,6500.00,1105.00
PORTUGAL,1839,4300.00,731.00
PORTUGAL,1840,3200.00,544.00
PORTUGAL,1841,8600.00,1462.00
PORTUGAL,1842,1500.00,255.00
PORTUGAL,1843,2800.00,476.00
PORTUGAL,1844,2380.00,405.00
PORTUGAL,1845,1000.00,170.00
PORTUGAL,1852,8757.00,1489.00
PORTUGAL,1853,7403.00,1259.00
PORTUGAL,1854,9437.00,1604.00
PORTUGAL,1855,4250.00,723.00
PORTUGAL,1856,7415.00,1261.00
PORTUGAL,1857,6385.00,1085.00
PORTUGAL,1858,10762.00,1830.00
PORTUGAL,1859,9751.00,1658.00
PORTUGAL,1860,15585.00,2649.00
PORTUGAL,1861,14404.00,2449.00
PORTUGAL,1862,7047.00,1198.00
PORTUGAL,1863,15773.00,2681.00
PORTUGAL,1864,14056.00,2390.00
PORTUGAL,1865,11879.00,2019.00
PORTUGAL,1866,10180.00,1731.00
PORTUGAL,1867,24093.00,4096.00
PORTUGAL,1868,19499.00,3315.00
PORTUGAL,1869,25831.00,4391.00
PORTUGAL,1870,23434.00,3984.00
PORTUGAL,1871,51604.00,8773.00
PORTUGAL,1872,56503.00,9606.00
PORTUGAL,1873,49828.00,8471.00
PORTUGAL,1874,45158.00,7677.00
PORTUGAL,1875,46046.00,7663.00
PORTUGAL,1876,87998.00,14179.00
PORTUGAL,1877,75758.00,11941.00
PORTUGAL,1878,86169.00,12965.00
PORTUGAL,1879,52416.00,8467.00
PORTUGAL,1880,93424.00,14925.00
PORTUGAL,1881,139210.00,22019.00
PORTUGAL,1882,66226.00,10434.00
PORTUGAL,1883,62161.00,9430.00
PORTUGAL,1884,38221.00,5787.00
PORTUGAL,1885,57736.00,9074.00
PORTUGAL,1886,61680.00,9925.00
PORTUGAL,1887,60040.00,9829.00
PORTUGAL,1888,19680.00,3280.00
PORTUGAL,1889,18217.00,2891.00
PORTUGAL,1890,47558.00,7952.00
PORTUGAL,1891,9190.00,1521.00
PORTUGAL,1892,19641.00,3151.00
PORTUGAL,1893,35320.00,5684.00
PORTUGAL,1894,19203.00,3041.00
PORTUGAL,1895,22893.00,3744.00
PORTUGAL,1896,62477.00,9533.00
PORTUGAL,1897,81330.00,12370.00
PORTUGAL,1898,74180.00,10636.00
PORTUGAL,1899,78323.00,11478.00
PORTUGAL,1900,60451.00,8406.00
PORTUGAL,1901,57647.00,8029.00
PORTUGAL,1902,36502.00,5434.00
PORTUGAL,1903,96546.00,11788.00
PORTUGAL,1904,70431.00,9808.00
PORTUGAL,1905,75453.00,12112.00
PORTUGAL,1906,94779.00,15196.00
PORTUGAL,1907,46075.00,7100.00
PORTUGAL,1908,42352.00,5906.00
PORTUGAL,1909,38649.00,4727.00
PORTUGAL,1910,31920.00,3775.00
PORTUGAL,1911,28724.00,3888.00
PORTUGAL,1912,31320.00,4120.00
PORTUGAL,1913,44965.00,6644.00
PORTUGAL,1914,63613.00,8860.00
PORTUGAL,1915,47052.00,7317.00
PORTUGAL,1916,14397.00,2114.00
PORTUGAL,1917,26748.00,3763.00
PORTUGAL,1918,9745.00,1275.00
PORTUGAL,1919,15059.00,2109.00
PORTUGAL,1920,28526.00,3783.00
PORTUGAL,1921,13701.00,2010.00
PORTUGAL,1922,10389.00,1244.00
PORTUGAL,1923,10574.00,1460.00
PORTUGAL,1924,10849.00,1561.00
PORTUGAL,1925,7169.00,949.00
PORTUGAL,1926,10536.00,1158.00
PORTUGAL,1927,15913.00,2640.00
PORTUGAL,1928,23013.00,3678.00
PORTUGAL,1929,12717.00,1733.00
PORTUGAL,1930,15301.00,2346.00
PORTUGAL,1931,15973.00,2252.00
PORTUGAL,1932,15661.00,2467.00
PORTUGAL,1933,16274.00,2434.00
PORTUGAL,1934,8336.00,1225.00
PORTUGAL,1935,12587.00,1671.00
PORTUGAL,1936,30709.00,4359.00
PORTUGAL,1937,28968.00,4030.00
PORTUGAL,1938,14118.00,1535.00
PORTUGAL,1939,9271.00,1055.00
PORTUGAL,1940,10006.00,996.00
PORTUGAL,1941,13104.00,1538.00
PORTUGAL,1942,12478.00,1466.00
PORTUGAL,1943,32403.00,4155.00
PORTUGAL,1944,19004.00,2428.00
PORTUGAL,1945,17561.00,1930.00
PORTUGAL,1946,29318.00,3923.00
PORTUGAL,1947,22580.00,2426.00
PORTUGAL,1948,21112.00,2365.00
PORTUGAL,1949,19991.00,2499.00
PORTUGAL,1950,16699.00,1770.00
PORTUGAL,1951,14690.00,1571.00
PORTUGAL,1952,21513.00,2377.00
PORTUGAL,1953,24471.00,3130.00
PORTUGAL,1954,11938.00,1387.00
PORTUGAL,1955,10877.00,1485.00
PORTUGAL,1956,18763.00,2631.00
PORTUGAL,1957,7842.00,1052.00
PORTUGAL,1958,5891.00,806.00
PORTUGAL,1959,11839.00,1091.00
PORTUGAL,1960,12816.00,1537.00
PORTUGAL,1961,14681.00,1758.00
PORTUGAL,1962,5819.00,816.00
PORTUGAL,1963,3266.00,440.00
PORTUGAL,1964,11837.00,582.00
PORTUGAL,1965,852.00,107.00
PORTUGAL,1966,3230.00,220.00
PORTUGAL,1967,1663.00,251.00
PORTUGAL,1968,428.00,68.00
PORTUGAL,1969,6535.00,419.00
PORTUGAL,1970,529.00,34.00
PORTUGAL,1971,1.00,0.00
PORTUGAL,1972,4847.00,97.00
MOROCCO,1927,7297.00,1240.00
MOROCCO,1928,7218.00,1227.00
MOROCCO,1929,8959.00,1523.00
MOROCCO,1930,9583.00,1629.00
MOROCCO,1931,6368.00,1083.00
MOROCCO,1932,4755.00,808.00
MOROCCO,1933,12236.00,2080.00
MOROCCO,1934,6287.00,1069.00
MOROCCO,1935,6595.00,1121.00
MOROCCO,1936,3214.00,546.00
MOROCCO,1937,11036.00,1876.00
MOROCCO,1939,3407.00,579.00
MOROCCO,1940,10970.00,1864.00
MOROCCO,1941,10908.00,1854.00
MOROCCO,1942,6087.00,1035.00
MOROCCO,1943,10434.00,1771.00
MOROCCO,1944,5092.00,831.00
MOROCCO,1945,6198.00,1053.00
MOROCCO,1946,8611.00,1400.00
MOROCCO,1947,11314.00,1543.00
MOROCCO,1948,9504.00,1425.00
MOROCCO,1949,22195.00,2317.00
MOROCCO,1950,21493.00,1968.00
MOROCCO,1951,12240.00,1749.00
MOROCCO,1952,8049.00,1253.00
MOROCCO,1953,8953.00,1382.00
MOROCCO,1954,7219.00,1047.00
MOROCCO,1955,9038.00,1504.00
MOROCCO,1956,11002.00,1772.00
MOROCCO,1957,17496.00,2846.00
MOROCCO,1958,18883.00,3173.00
MOROCCO,1959,11900.00,1999.00
MOROCCO,1960,14666.00,2458.00
MOROCCO,1961,5273.00,879.00
MOROCCO,1962,10129.00,1706.00
MOROCCO,1963,4438.00,708.00
MOROCCO,1964,9296.00,1505.00
MOROCCO,1965,8693.00,1355.00
MOROCCO,1966,4897.00,826.00
MOROCCO,1967,1575.00,267.00
MOROCCO,1968,2328.00,395.00
MOROCCO,1969,921.00,157.00
MOROCCO,1970,1197.00,202.00
MOROCCO,1971,667.00,113.00
MOROCCO,1972,252.00,43.00
MOROCCO,1973,11.00,2.00
MOROCCO,1974,380.00,65.00
MOROCCO,1984,182.00,31.00
MOROCCO,1986,946.00,161.00
MOROCCO,1987,1416.00,241.00
MOROCCO,1988,1792.00,305.00
MOROCCO,1989,3979.00,676.00
MOROCCO,1990,1185.00,201.00
MOROCCO,1991,4595.00,781.00
MOROCCO,1992,731.00,124.00
MOROCCO,1993,1195.00,203.00
MOROCCO,1994,1283.00,218.00
MOROCCO,1995,677.00,115.00
MOROCCO,1996,40.00,8.00
MOROCCO,1997,166.00,34.00
MOROCCO,1998,5511.00,1227.00
MOROCCO,1999,3412.00,702.00
MOROCCO,2000,5154.00,1108.00
MOROCCO,2001,12234.00,2636.00
MOROCCO,2002,7097.00,1502.00
MOROCCO,2003,6201.00,1303.00
MOROCCO,2004,5905.00,1122.00
MOROCCO,2005,7058.00,1344.00
MOROCCO,2006,4993.00,938.00
MOROCCO,2007,10280.00,1977.00
LIBYA,1915,1160.00,197.00
LIBYA,1919,6241.00,344.00
LIBYA,1920,14386.00,735.00
LIBYA,1921,11699.00,682.00
LIBYA,1922,7502.00,533.00
LIBYA,1923,16698.00,1121.00
LIBYA,1924,20304.00,1323.00
LIBYA,1925,18208.00,1467.00
LIBYA,1926,13409.00,1248.00
LIBYA,1927,11633.00,1973.00
LIBYA,1928,3502.00,320.00
LIBYA,1929,8740.00,832.00
LIBYA,1930,6791.00,772.00
LIBYA,1931,8323.00,905.00
LIBYA,1932,11711.00,1129.00
LIBYA,1933,15023.00,1230.00
LIBYA,1934,9969.00,1587.00
LIBYA,1935,1579.00,268.00
LIBYA,1936,1587.00,270.00
LIBYA,1937,2033.00,346.00
LIBYA,1938,1889.00,221.00
LIBYA,1939,1296.00,142.00
LIBYA,1940,1353.00,123.00
LIBYA,1942,45.00,2.00
TUNISIA,1863,9328.00,1586.00
TUNISIA,1864,7036.00,1196.00
TUNISIA,1865,10440.00,1775.00
TUNISIA,1866,9356.00,1591.00
TUNISIA,1867,8539.00,1452.00
TUNISIA,1868,9456.00,1608.00
TUNISIA,1869,11136.00,1893.00
TUNISIA,1870,13327.00,2266.00
TUNISIA,1871,11018.00,1873.00
TUNISIA,1872,9543.00,1622.00
TUNISIA,1873,7467.00,1269.00
TUNISIA,1874,10191.00,1732.00
TUNISIA,1875,10078.00,1713.00
TUNISIA,1876,11154.00,1896.00
TUNISIA,1877,14932.00,2538.00
TUNISIA,1878,14802.00,2516.00
TUNISIA,1879,11130.00,1892.00
TUNISIA,1880,9670.00,1644.00
TUNISIA,1881,7678.00,1305.00
TUNISIA,1882,12443.00,2115.00
TUNISIA,1883,9921.00,1687.00
TUNISIA,1884,11529.00,1960.00
TUNISIA,1885,7933.00,1349.00
TUNISIA,1886,6779.00,1152.00
TUNISIA,1887,10710.00,1821.00
TUNISIA,1888,12787.00,2174.00
TUNISIA,1889,9180.00,1561.00
TUNISIA,1890,3788.00,644.00
TUNISIA,1891,4664.00,793.00
TUNISIA,1892,2886.00,491.00
TUNISIA,1893,6229.00,1059.00
TUNISIA,1894,7018.00,1193.00
TUNISIA,1895,4877.00,829.00
TUNISIA,1896,10186.00,1732.00
TUNISIA,1897,15777.00,2682.00
TUNISIA,1898,9929.00,1688.00
TUNISIA,1899,15802.00,786.00
TUNISIA,1900,11380.00,1088.00
TUNISIA,1901,14207.00,1147.00
TUNISIA,1902,5391.00,916.00
TUNISIA,1903,15357.00,2611.00
TUNISIA,1904,29480.00,2404.00
TUNISIA,1905,20290.00,1606.00
TUNISIA,1906,20576.00,3498.00
TUNISIA,1907,7450.00,1267.00
TUNISIA,1908,9891.00,1681.00
TUNISIA,1909,18970.00,3225.00
TUNISIA,1910,40100.00,2945.00
TUNISIA,1911,36893.00,2546.00
TUNISIA,1912,17780.00,1507.00
TUNISIA,1913,13762.00,980.00
TUNISIA,1914,20951.00,1723.00
TUNISIA,1915,17547.00,1480.00
TUNISIA,1916,9204.00,714.00
TUNISIA,1917,11333.00,882.00
TUNISIA,1918,4764.00,300.00
TUNISIA,1919,17259.00,1113.00
TUNISIA,1920,13676.00,882.00
TUNISIA,1921,10860.00,568.00
TUNISIA,1922,11703.00,854.00
TUNISIA,1923,10922.00,858.00
TUNISIA,1924,18803.00,1164.00
TUNISIA,1925,13546.00,877.00
TUNISIA,1926,5369.00,460.00
TUNISIA,1927,2738.00,176.00
TUNISIA,1928,2235.00,146.00
TUNISIA,1929,2577.00,165.00
TUNISIA,1930,4327.00,493.00
TUNISIA,1931,8739.00,1083.00
TUNISIA,1932,5515.00,635.00
TUNISIA,1933,3715.00,632.00
TUNISIA,1934,5565.00,946.00
TUNISIA,1935,3810.00,648.00
TUNISIA,1936,2270.00,386.00
TUNISIA,1937,6680.00,1136.00
TUNISIA,1938,3517.00,598.00
TUNISIA,1939,860.00,146.00
TUNISIA,1940,719.00,122.00
TUNISIA,1941,2083.00,354.00
TUNISIA,1942,773.00,131.00
TUNISIA,1944,1229.00,209.00
TUNISIA,1945,2269.00,386.00
TUNISIA,1946,1890.00,321.00
TUNISIA,1947,958.00,163.00
TUNISIA,1948,211.00,36.00
TUNISIA,1949,1377.00,234.00
TUNISIA,1950,4245.00,722.00
TUNISIA,1951,4291.00,729.00
TUNISIA,1952,2767.00,470.00
TUNISIA,1953,3070.00,522.00
TUNISIA,1954,2219.00,377.00
TUNISIA,1955,3717.00,632.00
TUNISIA,1959,888.00,151.00
TUNISIA,1960,2577.00,438.00
TUNISIA,1961,2471.00,420.00
TUNISIA,1962,1969.00,335.00
TUNISIA,1963,1135.00,193.00
TUNISIA,1964,1982.00,337.00
TUNISIA,1965,1460.00,248.00
TUNISIA,1966,2145.00,365.00
TUNISIA,1967,2252.00,383.00
TUNISIA,1968,1396.00,237.00
TUNISIA,1969,875.00,149.00
TUNISIA,1970,1395.00,237.00
TUNISIA,1971,1677.00,285.00
TUNISIA,1972,578.00,98.00
TUNISIA,1973,555.00,94.00
TUNISIA,1974,903.00,153.00
TUNISIA,1975,513.00,87.00
TUNISIA,1976,435.00,74.00
TUNISIA,1977,368.00,63.00
TUNISIA,1978,371.00,63.00
TUNISIA,1979,970.00,165.00
TUNISIA,1980,310.00,53.00
TUNISIA,1981,829.00,141.00
TUNISIA,1982,1365.00,232.00
TUNISIA,1983,1168.00,199.00
TUNISIA,1984,217.00,37.00
TUNISIA,1985,700.00,119.00
TUNISIA,1986,782.00,133.00
TUNISIA,1987,1612.00,274.00
TUNISIA,1988,2406.00,409.00
TUNISIA,1989,2894.00,492.00
TUNISIA,1990,1465.00,249.00
TUNISIA,1991,1139.00,194.00
TUNISIA,1992,550.00,94.00
TUNISIA,1993,124.00,21.00
TUNISIA,1994,312.00,53.00
TUNISIA,1995,335.00,57.00
TUNISIA,1996,111.00,19.00
TUNISIA,1997,303.00,52.00
TURKEY,1909,502.00,85.00
TURKEY,1910,506.00,86.00
TURKEY,1911,759.00,129.00
TURKEY,1912,1503.00,255.00
TURKEY,1913,3162.00,537.00
TURKEY,1914,1202.00,204.00
TURKEY,1915,720.00,122.00
TURKEY,1916,74.00,13.00
TURKEY,1921,295.00,50.00
TURKEY,1922,435.00,74.00
TURKEY,1923,671.00,114.00
TURKEY,1924,3.00,1.00
