"Year","Quarter","Area","Fleet","Catch"
1974,1,1,1,0.25
1975,1,1,1,0.13787
1979,1,1,1,7.75
1980,1,1,1,2.5
1981,1,1,1,20.75
1982,1,1,1,7.5
1983,1,1,1,61.38464
1984,1,1,1,68.38464
1985,1,1,1,71.07696
1986,1,1,1,351.61536
1987,1,1,1,57.44893
1988,1,1,1,58.69216
1989,1,1,1,55.82171
1990,1,1,1,171.20592
1991,1,1,1,185.18388
1992,1,1,1,150.40249
1993,1,1,1,26.4618
1994,1,1,1,15.8376
1995,1,1,1,22.2795
1996,1,1,1,16.11429
1997,1,1,1,41.19607
1998,1,1,1,15.96337
1999,1,1,1,64.91564
2000,1,1,1,83.34813
2001,1,1,1,17.8863
2002,1,1,1,22.98942
2003,1,1,1,57.06944
2004,1,1,1,41.4845
2005,1,1,1,29.26557
2006,1,1,1,16.98932
2007,1,1,1,18.86561
2008,1,1,1,14.48213
2009,1,1,1,19.48722
2010,1,1,1,22.17142
2011,1,1,1,13.71976
2012,1,1,1,87.86791
2013,1,1,1,29.17601
2014,1,1,1,51.7005
2015,1,1,1,49.66466
2016,1,1,1,44.7265
1972,2,1,1,6.46875
1974,2,1,1,0.25
1975,2,1,1,27.26161
1976,2,1,1,6.26316
1977,2,1,1,37.00001
1978,2,1,1,16.5
1979,2,1,1,7.75
1980,2,1,1,10
1981,2,1,1,36.53947
1982,2,1,1,21.5
1983,2,1,1,12.24
1984,2,1,1,21.18
1985,2,1,1,11.24
1986,2,1,1,13.16
1987,2,1,1,67.68376
1988,2,1,1,22.80182
1989,2,1,1,40.81493
1990,2,1,1,2.24
1991,2,1,1,42.3458
1992,2,1,1,23.63467
1993,2,1,1,25.28572
1994,2,1,1,29.29957
1995,2,1,1,58.97516
1996,2,1,1,80.57143
1997,2,1,1,23.71896
1998,2,1,1,16.00733
1999,2,1,1,47.61368
2000,2,1,1,55.95388
2001,2,1,1,41.27471
2002,2,1,1,73.37677
2003,2,1,1,61.68528
2004,2,1,1,57.66139
2005,2,1,1,34.26709
2006,2,1,1,17.63802
2007,2,1,1,16.42792
2008,2,1,1,38.89464
2009,2,1,1,48.33864
2010,2,1,1,16.56984
2011,2,1,1,6.18344
2012,2,1,1,59.96144
2013,2,1,1,31.73208
2014,2,1,1,30.01982
2015,2,1,1,8.56547
2016,2,1,1,18.68611
1973,3,1,1,1.05263
1974,3,1,1,0.25
1978,3,1,1,8.25
1979,3,1,1,7.75
1980,3,1,1,3.33333
1981,3,1,1,20.75
1982,3,1,1,7.5
1987,3,1,1,20.16825
1988,3,1,1,0.55897
1989,3,1,1,0.97363
1990,3,1,1,2.49329
1993,3,1,1,0.58804
1994,3,1,1,1.58376
1995,3,1,1,2.62112
1997,3,1,1,2.49673
2000,3,1,1,9.39863
2001,3,1,1,0.76027
2002,3,1,1,1.31454
2003,3,1,1,4.27771
2004,3,1,1,1.47404
2005,3,1,1,3.70641
2006,3,1,1,2.15713
2007,3,1,1,0.93087
2008,3,1,1,0.22009
2009,3,1,1,1.04964
2011,3,1,1,0.64146
2013,3,1,1,3.79347
2014,3,1,1,0.60273
2015,3,1,1,1.0003
2016,3,1,1,0.34716
1974,4,1,1,0.25
1979,4,1,1,7.75
1980,4,1,1,2.5
1981,4,1,1,20.75
1982,4,1,1,7.5
1987,4,1,1,6.31531
1988,4,1,1,0.37264
1989,4,1,1,1.785
1990,4,1,1,3.32439
1991,4,1,1,0.63203
1992,4,1,1,2.1486
1993,4,1,1,1.17608
1994,4,1,1,3.9594
1996,4,1,1,1.34286
1997,4,1,1,1.24837
1998,4,1,1,6.02931
1999,4,1,1,15.77707
2000,4,1,1,0.25484
2001,4,1,1,2.14677
2002,4,1,1,4.10418
2003,4,1,1,2.06989
2004,4,1,1,3.48383
2005,4,1,1,1.08864
2006,4,1,1,5.00829
2007,4,1,1,2.11145
2008,4,1,1,0.13152
2009,4,1,1,1.38282
2010,4,1,1,1.40077
2011,4,1,1,2.13678
2012,4,1,1,7.06221
2013,4,1,1,3.40304
2014,4,1,1,5.00093
2015,4,1,1,1.88192
2016,4,1,1,1.73646
1952,1,2,1,1.75
1953,1,2,1,0.25
1955,1,2,1,1.25
1957,1,2,1,4
1958,1,2,1,10
1959,1,2,1,20.75
1960,1,2,1,0.25
1962,1,2,1,6.5
1963,1,2,1,24
1964,1,2,1,25.44965
1965,1,2,1,54.84297
1966,1,2,1,127.34452
1967,1,2,1,593.80672
1968,1,2,1,359.01492
1969,1,2,1,117.5
1970,1,2,1,50.00588
1971,1,2,1,2.08464
1972,1,2,1,0.62377
1973,1,2,1,1.95382
1974,1,2,1,5.57823
1975,1,2,1,1.76959
1976,1,2,1,7.36236
1977,1,2,1,12.8718
1978,1,2,1,19.07429
1979,1,2,1,9.45316
1980,1,2,1,1.34929
1982,1,2,1,20.4203
1983,1,2,1,1
1985,1,2,1,0.25
1986,1,2,1,32.66667
1987,1,2,1,45.99343
1988,1,2,1,123.56404
1989,1,2,1,80.76207
1990,1,2,1,74.64321
1991,1,2,1,28.07064
1992,1,2,1,66.28566
1993,1,2,1,30.93781
1994,1,2,1,39.17385
1995,1,2,1,23.64687
1996,1,2,1,28.95714
1997,1,2,1,14.48366
1998,1,2,1,12
1999,1,2,1,443.1702
2000,1,2,1,280.19368
2001,1,2,1,53.76165
2002,1,2,1,35.17434
2003,1,2,1,36.50803
2004,1,2,1,17.71849
2005,1,2,1,70.14848
2006,1,2,1,59.73087
2007,1,2,1,55.23158
2008,1,2,1,27.88242
2009,1,2,1,71.37553
2010,1,2,1,91.87809
2011,1,2,1,39.38411
2012,1,2,1,105.692
2013,1,2,1,84.59429
2014,1,2,1,70.206
2015,1,2,1,10.66938
2016,1,2,1,12.941
1952,2,2,1,1.75
1953,2,2,1,0.25
1955,2,2,1,1.25
1957,2,2,1,4
1958,2,2,1,10
1959,2,2,1,20.75
1960,2,2,1,0.25
1962,2,2,1,6.5
1963,2,2,1,24
1964,2,2,1,24.75
1965,2,2,1,54.5
1966,2,2,1,140.62184
1967,2,2,1,601.77312
1968,2,2,1,347.71429
1969,2,2,1,120.5625
1970,2,2,1,50.37005
1971,2,2,1,6.56841
1972,2,2,1,21.65996
1973,2,2,1,30.80452
1974,2,2,1,48.61076
1975,2,2,1,33.55925
1976,2,2,1,153.03826
1977,2,2,1,5.1254
1978,2,2,1,22.77424
1979,2,2,1,34.30573
1980,2,2,1,21.19005
1981,2,2,1,21.58744
1982,2,2,1,17.18842
1983,2,2,1,10.93586
1984,2,2,1,9.7692
1985,2,2,1,11.40384
1986,2,2,1,50.2308
1987,2,2,1,50.26997
1988,2,2,1,86.64078
1989,2,2,1,53.83264
1990,2,2,1,7.86764
1991,2,2,1,36.50817
1992,2,2,1,66.78233
1993,2,2,1,54.37483
1994,2,2,1,45.79016
1995,2,2,1,62.57773
1996,2,2,1,99.83366
1997,2,2,1,51.32596
1998,2,2,1,40.28572
1999,2,2,1,42.27736
2000,2,2,1,20.64221
2001,2,2,1,34.46575
2002,2,2,1,106.02838
2003,2,2,1,51.00563
2004,2,2,1,92.62043
2005,2,2,1,62.41865
2006,2,2,1,106.03804
2007,2,2,1,47.4964
2008,2,2,1,66.66381
2009,2,2,1,70.90999
2010,2,2,1,65.53475
2011,2,2,1,134.18781
2012,2,2,1,50.5171
2013,2,2,1,56.92118
2014,2,2,1,90.50865
2015,2,2,1,25.59422
2016,2,2,1,66.77879
1952,3,2,1,1.75
1953,3,2,1,0.25
1955,3,2,1,1.25
1957,3,2,1,4
1958,3,2,1,10
1959,3,2,1,20.75
1960,3,2,1,0.25
1962,3,2,1,30.51327
1963,3,2,1,195.89029
1964,3,2,1,213.95726
1965,3,2,1,147.24865
1966,3,2,1,179.27732
1967,3,2,1,624.96636
1968,3,2,1,346.27079
1969,3,2,1,118.42969
1970,3,2,1,51.4038
1971,3,2,1,6.34694
1972,3,2,1,0.90099
1973,3,2,1,0.18904
1974,3,2,1,4.13073
1975,3,2,1,2.66667
1976,3,2,1,87.91845
1977,3,2,1,26.22796
1978,3,2,1,31.47451
1979,3,2,1,41.86922
1980,3,2,1,5.63532
1981,3,2,1,4.87693
1982,3,2,1,0.2174
1983,3,2,1,44.67949
1984,3,2,1,48.84616
1985,3,2,1,116.17304
1986,3,2,1,251.15384
1987,3,2,1,22.80591
1988,3,2,1,52.54344
1989,3,2,1,30.59766
1990,3,2,1,31.12864
1991,3,2,1,37.04166
1992,3,2,1,43.47536
1993,3,2,1,37.95745
1994,3,2,1,18.92969
1995,3,2,1,45.39632
1996,3,2,1,34.18155
1997,3,2,1,29.59559
1998,3,2,1,25.38273
1999,3,2,1,38.14636
2000,3,2,1,46.54089
2001,3,2,1,26.54083
2002,3,2,1,72.47448
2003,3,2,1,43.3633
2004,3,2,1,56.16573
2005,3,2,1,40.04938
2006,3,2,1,69.37916
2007,3,2,1,34.40376
2008,3,2,1,29.48244
2009,3,2,1,118.32956
2010,3,2,1,82.89022
2011,3,2,1,101.18711
2012,3,2,1,51.73342
2013,3,2,1,44.57595
2014,3,2,1,46.89319
2015,3,2,1,44.9494
2016,3,2,1,40.2484
1952,4,2,1,1.75
1953,4,2,1,0.25
1955,4,2,1,1.25
1957,4,2,1,4
1958,4,2,1,10
1959,4,2,1,20.75
1960,4,2,1,0.25
1962,4,2,1,88.48674
1963,4,2,1,123.10972
1964,4,2,1,38.84309
1965,4,2,1,61.40838
1966,4,2,1,156.75632
1967,4,2,1,611.4538
1968,4,2,1,340
1969,4,2,1,120.50782
1970,4,2,1,50.22027
1972,4,2,1,11.34653
1973,4,2,1,25
1974,4,2,1,20.68027
1975,4,2,1,8
1976,4,2,1,28.41778
1977,4,2,1,51.15385
1978,4,2,1,9.99793
1979,4,2,1,6.37187
1981,4,2,1,1.74615
1982,4,2,1,0.17391
1985,4,2,1,3.25
1986,4,2,1,2.33333
1987,4,2,1,6.92647
1988,4,2,1,24.78113
1989,4,2,1,91.93234
1990,4,2,1,13.42992
1991,4,2,1,13.14684
1992,4,2,1,35.11087
1993,4,2,1,42.31831
1994,4,2,1,40.12594
1995,4,2,1,26.45333
1996,4,2,1,14.59908
1997,4,2,1,42.93469
1998,4,2,1,80.33155
1999,4,2,1,58.58266
2000,4,2,1,91.20174
2001,4,2,1,31.91272
2002,4,2,1,49.57588
2003,4,2,1,105.12371
2004,4,2,1,84.20161
2005,4,2,1,50.2428
2006,4,2,1,61.48217
2007,4,2,1,67.82641
2008,4,2,1,95.29635
2009,4,2,1,80.39676
2010,4,2,1,69.86211
2011,4,2,1,70.41561
2012,4,2,1,49.69991
2013,4,2,1,44.01091
2014,4,2,1,39.79659
2015,4,2,1,83.16243
2016,4,2,1,60.35234
1968,1,4,1,0.82143
1969,1,4,1,17.1601
1970,1,4,1,23.21768
1971,1,4,1,0.26087
1973,1,4,1,0.09092
1975,1,4,1,5.88484
1976,1,4,1,17.61659
1977,1,4,1,82.86813
1978,1,4,1,86.55549
1979,1,4,1,81.5
1980,1,4,1,34.4602
1981,1,4,1,22.8
1982,1,4,1,85.86667
1983,1,4,1,12.6
1984,1,4,1,5.6
1985,1,4,1,15.2
1986,1,4,1,38.45
1987,1,4,1,17.2
1988,1,4,1,2.26415
1989,1,4,1,12
1990,1,4,1,25.60001
1991,1,4,1,25.6587
1992,1,4,1,23.02335
1994,1,4,1,0.49716
1996,1,4,1,32.3606
1997,1,4,1,270.7021
1998,1,4,1,87.17043
1999,1,4,1,102.57027
2000,1,4,1,177.35733
2001,1,4,1,209.95304
2002,1,4,1,260.74322
2003,1,4,1,1.21523
2004,1,4,1,4.02171
2005,1,4,1,8.72547
2006,1,4,1,60.60915
2007,1,4,1,15.1902
2008,1,4,1,8.58929
2009,1,4,1,1.885
2013,1,4,1,0.342
2015,1,4,1,0.325
2016,1,4,1,2.77542
1968,2,4,1,1.64286
1969,2,4,1,79.67979
1970,2,4,1,19.51734
1971,2,4,1,7.56522
1972,2,4,1,1.25967
1973,2,4,1,0.45455
1974,2,4,1,0.62827
1975,2,4,1,1.21213
1976,2,4,1,20.04426
1977,2,4,1,41.7757
1978,2,4,1,28.61834
1979,2,4,1,0.3
1980,2,4,1,56.26021
1981,2,4,1,18
1982,2,4,1,8.35429
1983,2,4,1,2
1984,2,4,1,0.56686
1985,2,4,1,18.59854
1986,2,4,1,184.25
1987,2,4,1,9.61371
1988,2,4,1,0.22642
1989,2,4,1,2.6
1990,2,4,1,10.2
1991,2,4,1,118.68531
1992,2,4,1,113.3304
1993,2,4,1,130.77702
1994,2,4,1,134.45104
1995,2,4,1,381.67242
1996,2,4,1,735.0242
1997,2,4,1,743.78852
1998,2,4,1,417.82956
1999,2,4,1,181.74215
2000,2,4,1,173.65568
2001,2,4,1,288.75211
2002,2,4,1,57.12253
2003,2,4,1,9.35024
2004,2,4,1,3.429
2005,2,4,1,62.5131
2006,2,4,1,61.46551
2007,2,4,1,0.4255
2008,2,4,1,0.20067
2009,2,4,1,1.37
2012,2,4,1,7.526
2016,2,4,1,2.57557
1961,3,4,1,19
1964,3,4,1,63
1965,3,4,1,30
1966,3,4,1,31
1967,3,4,1,41
1968,3,4,1,76.71429
1969,3,4,1,101.1764
1970,3,4,1,207
1971,3,4,1,88.13044
1972,3,4,1,19.54144
1973,3,4,1,46.45454
1974,3,4,1,42.78534
1975,3,4,1,15.13003
1976,3,4,1,25.15381
1977,3,4,1,23.27827
1978,3,4,1,14.00897
1979,3,4,1,5.6342
1980,3,4,1,24.32902
1981,3,4,1,18.26005
1982,3,4,1,13.50384
1983,3,4,1,0.5201
1984,3,4,1,5.51482
1985,3,4,1,11.50299
1986,3,4,1,32.71684
1987,3,4,1,34.42286
1988,3,4,1,10.30188
1989,3,4,1,12.65013
1990,3,4,1,4.28694
1991,3,4,1,52.75846
1992,3,4,1,108.14033
1993,3,4,1,147.19597
1994,3,4,1,68.61068
1995,3,4,1,130.28293
1996,3,4,1,61.02421
1997,3,4,1,61.5
1998,3,4,1,0.21671
1999,3,4,1,0.49676
2000,3,4,1,99.54303
2001,3,4,1,95.79956
2002,3,4,1,2.25559
2003,3,4,1,25.22723
2004,3,4,1,6.72947
2005,3,4,1,21.8511
2006,3,4,1,222.22554
2007,3,4,1,2.40879
2008,3,4,1,1.02396
2016,3,4,1,0.47065
1968,4,4,1,115.82143
1969,4,4,1,0.9837
1970,4,4,1,3.26497
1971,4,4,1,1.04348
1972,4,4,1,0.1989
1974,4,4,1,4.58639
1975,4,4,1,0.77301
1976,4,4,1,12.18538
1977,4,4,1,45.14219
1978,4,4,1,26.81719
1979,4,4,1,30.5658
1980,4,4,1,6.95055
1981,4,4,1,0.93995
1982,4,4,1,34.2752
1983,4,4,1,1.8799
1984,4,4,1,31.31832
1985,4,4,1,45.14463
1986,4,4,1,13.38316
1987,4,4,1,65.16343
1988,4,4,1,5.20755
1989,4,4,1,97.14987
1990,4,4,1,5.91305
1991,4,4,1,17.89754
1992,4,4,1,23.50591
1993,4,4,1,40.02701
1994,4,4,1,32.67113
1995,4,4,1,38.71465
1996,4,4,1,42.59101
1997,4,4,1,62.00936
1998,4,4,1,0.78329
1999,4,4,1,1.37472
2000,4,4,1,99.91697
2001,4,4,1,97.1953
2002,4,4,1,0.06266
2003,4,4,1,7.24911
2004,4,4,1,1.72182
2005,4,4,1,1.37139
2006,4,4,1,23.71979
2007,4,4,1,2.85414
2008,4,4,1,1.49906
2009,4,4,1,0.732
2016,4,4,1,1.596
2001,1,5,1,36.54633
1999,2,5,1,1.82869
1965,3,5,1,2
1966,3,5,1,5
1998,3,5,1,30.57606
1999,3,5,1,56.60477
2000,3,5,1,123.62433
2001,3,5,1,71.05814
2002,3,5,1,0.43308
2003,3,5,1,2.94919
2004,3,5,1,1.903
2008,3,5,1,3.75396
2009,3,5,1,8.55515
2015,3,5,1,8.289
2016,3,5,1,75.882
1998,4,5,1,37.42394
1999,4,5,1,82.6606
2000,4,5,1,166.59567
2001,4,5,1,78.83953
2002,4,5,1,0.69992
2003,4,5,1,9.41499
2004,4,5,1,39.097
2005,4,5,1,23.695
2006,4,5,1,12.44806
2007,4,5,1,47.55748
2008,4,5,1,115.12043
2010,4,5,1,38.22
2011,4,5,1,35.92868
2012,4,5,1,38.422
2013,4,5,1,38.136
2014,4,5,1,37.1
2015,4,5,1,45.084
2016,4,5,1,133.882
1998,1,6,1,4.5
1999,1,6,1,100.9
2007,1,6,1,24.44252
2008,1,6,1,1.23911
2009,1,6,1,0.49
2014,1,6,1,5.61075
2015,1,6,1,6.74175
2016,1,6,1,0.75275
1977,2,6,1,15.12904
1998,2,6,1,4.5
1999,2,6,1,100.9
2009,2,6,1,0.92
2014,2,6,1,5.61075
2015,2,6,1,6.74175
2016,2,6,1,0.75726
1965,3,6,1,2
1966,3,6,1,5
1977,3,6,1,3.80666
1997,3,6,1,0.401
1998,3,6,1,4.5
1999,3,6,1,133.82511
2002,3,6,1,7.3
2006,3,6,1,5.89609
2008,3,6,1,9.02993
2009,3,6,1,5.69704
2012,3,6,1,0.277
2014,3,6,1,5.61075
2015,3,6,1,6.74175
2016,3,6,1,30.50317
1997,4,6,1,14
1998,4,6,1,6.5
1999,4,6,1,117.07097
2002,4,6,1,31.8
2005,4,6,1,0.29393
2006,4,6,1,23.65585
2008,4,6,1,0.1806
2009,4,6,1,27.52681
2014,4,6,1,5.61075
2015,4,6,1,6.74175
2016,4,6,1,1.71767
1963,1,7,1,200
1964,1,7,1,75
1965,1,7,1,100
1966,1,7,1,125
1967,1,7,1,75
1968,1,7,1,150
1969,1,7,1,100
1970,1,7,1,17.25
1971,1,7,1,32.25
1972,1,7,1,31
1973,1,7,1,68.5
1974,1,7,1,48.02135
1975,1,7,1,25.78762
1976,1,7,1,9.65727
1977,1,7,1,2.66765
1978,1,7,1,3.57096
1979,1,7,1,3.87613
1980,1,7,1,6.37714
1981,1,7,1,10.23802
1982,1,7,1,23.26841
1983,1,7,1,11.5084
1984,1,7,1,9.07101
1985,1,7,1,40.19535
1986,1,7,1,9.24545
1987,1,7,1,15.58112
1988,1,7,1,4.91393
1989,1,7,1,6.77006
1990,1,7,1,24.14334
1991,1,7,1,60.99699
1992,1,7,1,81.84295
1993,1,7,1,88.1957
1994,1,7,1,84.33109
1995,1,7,1,651.00677
1996,1,7,1,725.99801
1997,1,7,1,483.90113
1998,1,7,1,148.3749
1999,1,7,1,129.77842
2000,1,7,1,122.89146
2001,1,7,1,86.35786
2002,1,7,1,98.94153
2003,1,7,1,193.61055
2004,1,7,1,132.22572
2005,1,7,1,128.20838
2006,1,7,1,93.69
2007,1,7,1,206.19055
2008,1,7,1,174.38838
2009,1,7,1,42.64043
2010,1,7,1,72.09879
2011,1,7,1,52.11772
2012,1,7,1,15.44918
2013,1,7,1,15.07282
2014,1,7,1,85.78683
2015,1,7,1,65.65266
2016,1,7,1,143.26373
1963,2,7,1,200
1964,2,7,1,75
1965,2,7,1,100
1966,2,7,1,125
1967,2,7,1,75
1968,2,7,1,150
1969,2,7,1,100
1970,2,7,1,17.25
1971,2,7,1,32.25
1972,2,7,1,31
1973,2,7,1,68.5
1974,2,7,1,66.54851
1975,2,7,1,58.4307
1976,2,7,1,116.0456
1977,2,7,1,71.07154
1978,2,7,1,57.54358
1979,2,7,1,57.90065
1980,2,7,1,61.28392
1981,2,7,1,128.52386
1982,2,7,1,257.62464
1983,2,7,1,146.45562
1984,2,7,1,220.68274
1985,2,7,1,267.13351
1986,2,7,1,500.40114
1987,2,7,1,564.94688
1988,2,7,1,989.06785
1989,2,7,1,921.63788
1990,2,7,1,829.19048
1991,2,7,1,2450.21493
1992,2,7,1,2371.47994
1993,2,7,1,1185.04083
1994,2,7,1,5352.37645
1995,2,7,1,5260.43749
1996,2,7,1,6273.18145
1997,2,7,1,3251.48889
1998,2,7,1,2030.09282
1999,2,7,1,1891.03788
2000,2,7,1,2868.62582
2001,2,7,1,3515.19513
2002,2,7,1,2383.13427
2003,2,7,1,2201.70807
2004,2,7,1,1640.9195
2005,2,7,1,2365.67434
2006,2,7,1,1856.38712
2007,2,7,1,1735.36904
2008,2,7,1,1257.56099
2009,2,7,1,951.64786
2010,2,7,1,565.92753
2011,2,7,1,816.65634
2012,2,7,1,449.55936
2013,2,7,1,349.89621
2014,2,7,1,175.38767
2015,2,7,1,218.49841
2016,2,7,1,641.03252
1963,3,7,1,200
1964,3,7,1,75
1965,3,7,1,100
1966,3,7,1,125
1967,3,7,1,75
1968,3,7,1,150
1969,3,7,1,100
1970,3,7,1,17.25
1971,3,7,1,32.25
1972,3,7,1,31
1973,3,7,1,68.5
1974,3,7,1,50.43014
1975,3,7,1,30.03168
1976,3,7,1,132.17384
1977,3,7,1,40.60328
1978,3,7,1,50.58409
1979,3,7,1,54.37391
1980,3,7,1,56.98963
1981,3,7,1,135.03949
1982,3,7,1,305.75763
1983,3,7,1,126.57708
1984,3,7,1,100.15641
1985,3,7,1,42.60414
1986,3,7,1,100.9666
1987,3,7,1,108.47247
1988,3,7,1,174.04991
1989,3,7,1,278.36429
1990,3,7,1,129.82588
1991,3,7,1,396.48635
1992,3,7,1,509.17722
1993,3,7,1,337.60281
1994,3,7,1,601.63289
1995,3,7,1,1046.63466
1996,3,7,1,1230.88404
1997,3,7,1,2464.27845
1998,3,7,1,1263.58262
1999,3,7,1,650.38331
2000,3,7,1,193.48403
2001,3,7,1,292.85663
2002,3,7,1,280.19614
2003,3,7,1,545.50164
2004,3,7,1,431.80265
2005,3,7,1,337.39802
2006,3,7,1,488.0643
2007,3,7,1,619.23886
2008,3,7,1,626.66174
2009,3,7,1,271.16289
2010,3,7,1,473.64768
2011,3,7,1,61.94189
2012,3,7,1,92.21487
2013,3,7,1,149.99274
2014,3,7,1,267.25654
2015,3,7,1,311.68966
2016,3,7,1,309.08575
1963,4,7,1,200
1964,4,7,1,75
1965,4,7,1,100
1966,4,7,1,125
1967,4,7,1,75
1968,4,7,1,150
1969,4,7,1,100
1970,4,7,1,17.25
1971,4,7,1,32.25
1972,4,7,1,31
1973,4,7,1,68.5
1974,4,7,1,48
1975,4,7,1,25.75
1976,4,7,1,17.12329
1977,4,7,1,4.65753
1978,4,7,1,6.30137
1979,4,7,1,6.84931
1980,4,7,1,9.34931
1981,4,7,1,16.19863
1982,4,7,1,39.34931
1983,4,7,1,18.4589
1984,4,7,1,14.14384
1985,4,7,1,40.174
1986,4,7,1,14.41781
1987,4,7,1,5.23054
1988,4,7,1,9.06932
1989,4,7,1,30.32876
1990,4,7,1,22.7983
1991,4,7,1,64.61573
1992,4,7,1,59.71289
1993,4,7,1,66.06368
1994,4,7,1,418.65556
1995,4,7,1,698.28908
1996,4,7,1,860.52048
1997,4,7,1,928.55555
1998,4,7,1,314.02164
1999,4,7,1,286.0654
2000,4,7,1,102.9217
2001,4,7,1,97.68039
2002,4,7,1,81.83306
2003,4,7,1,224.98304
2004,4,7,1,184.66712
2005,4,7,1,201.53426
2006,4,7,1,140.43809
2007,4,7,1,242.34155
2008,4,7,1,237.6019
2009,4,7,1,60.13205
2010,4,7,1,130.42894
2011,4,7,1,31.10307
2012,4,7,1,29.30938
2013,4,7,1,89.95907
2014,4,7,1,59.9107
2015,4,7,1,188.49502
2016,4,7,1,429.78009
1964,1,1,2,22.45893
1972,1,1,2,0.23991
1975,1,1,2,32.38721
1976,1,1,2,92.40591
1977,1,1,2,315.61092
1978,1,1,2,484.15753
1979,1,1,2,713.22728
1980,1,1,2,1153.81196
1981,1,1,2,448.04686
1964,2,1,2,11.83104
1966,2,1,2,3.06773
1968,2,1,2,39.75827
1969,2,1,2,0.16089
1970,2,1,2,1.09739
1972,2,1,2,31.90807
1973,2,1,2,51.8144
1974,2,1,2,97.54444
1975,2,1,2,1201.96784
1976,2,1,2,1131.1058
1977,2,1,2,731.12144
1978,2,1,2,807.24753
1979,2,1,2,798.15852
1980,2,1,2,19.86678
1981,2,1,2,259.74791
1964,3,1,2,0.8021
1975,3,1,2,0.76656
1976,3,1,2,0.11954
1963,4,1,2,1.1653
1958,1,2,2,15.27742
1959,1,2,2,139.53836
1960,1,2,2,26.68724
1961,1,2,2,180.21348
1962,1,2,2,133.85205
1963,1,2,2,905.43724
1964,1,2,2,3913.46782
1965,1,2,2,1312.73408
1966,1,2,2,79.30654
1967,1,2,2,5.72412
1968,1,2,2,2.86718
1969,1,2,2,2.25241
1970,1,2,2,15.04989
1971,1,2,2,67.21879
1972,1,2,2,15.83408
1973,1,2,2,0.52338
1974,1,2,2,546.84243
1975,1,2,2,19.16402
1976,1,2,2,847.91094
1977,1,2,2,2190.25367
1978,1,2,2,1495.60434
1979,1,2,2,1146.66953
1980,1,2,2,1370.94742
1981,1,2,2,2270.15287
1982,1,2,2,124.06519
1983,1,2,2,326.67297
1984,1,2,2,331.07195
1985,1,2,2,1045.41147
1986,1,2,2,135.48027
1987,1,2,2,434.67875
1988,1,2,2,599.93102
1989,1,2,2,177.51394
1990,1,2,2,330.65089
1991,1,2,2,196.76155
1992,1,2,2,272.72304
1993,1,2,2,327.36986
1994,1,2,2,391.24238
1995,1,2,2,45.04169
1996,1,2,2,139.86252
1997,1,2,2,75.86325
1998,1,2,2,231.05636
1999,1,2,2,79.29191
2000,1,2,2,230.04196
2001,1,2,2,4.7794
2002,1,2,2,193.22583
2004,1,2,2,343.38163
2005,1,2,2,220.15626
2006,1,2,2,369.20043
2007,1,2,2,258.96662
2008,1,2,2,166.21114
2009,1,2,2,100.47265
2010,1,2,2,201.4382
2011,1,2,2,368.51667
2013,1,2,2,27.77333
2015,1,2,2,1.17175
1957,2,2,2,3.3913
1958,2,2,2,13.41936
1959,2,2,2,15.78554
1960,2,2,2,123.45852
1961,2,2,2,29.19738
1962,2,2,2,276.41272
1963,2,2,2,4641.96817
1964,2,2,2,7753.94412
1965,2,2,2,7666.35432
1966,2,2,2,2344.76853
1967,2,2,2,634.58762
1968,2,2,2,174.70694
1969,2,2,2,110.20807
1970,2,2,2,7.83849
1971,2,2,2,280.04622
1972,2,2,2,37.90583
1973,2,2,2,54.95468
1974,2,2,2,86.37643
1975,2,2,2,103.86903
1976,2,2,2,13.9864
1977,2,2,2,5.50345
1978,2,2,2,3.81979
1979,2,2,2,97.62213
1980,2,2,2,32.45839
1981,2,2,2,73.5412
1982,2,2,2,3.2496
1984,2,2,2,9.82919
1985,2,2,2,46.0987
1986,2,2,2,2.96622
1987,2,2,2,3.52665
2002,2,2,2,85.97714
2005,2,2,2,23.61854
2006,2,2,2,0.04047
1957,3,2,2,0.26087
1959,3,2,2,1.93596
1960,3,2,2,19.83509
1961,3,2,2,4.19101
1962,3,2,2,116.16053
1963,3,2,2,111.63564
1964,3,2,2,47.32415
1965,3,2,2,87.655
1966,3,2,2,34.54038
1967,3,2,2,19.34356
1968,3,2,2,48.55095
1969,3,2,2,0.96533
1970,3,2,2,23.82898
1971,3,2,2,964.17567
1972,3,2,2,210.64125
1973,3,2,2,443.30106
1974,3,2,2,123.0825
1975,3,2,2,28.17112
1976,3,2,2,11.1174
1977,3,2,2,0.71784
1978,3,2,2,6.20716
1979,3,2,2,10.34794
1980,3,2,2,28.68091
1981,3,2,2,54.92053
1982,3,2,2,2.78538
1983,3,2,2,0.39899
1984,3,2,2,0.07801
1985,3,2,2,0.48984
1986,3,2,2,1.72455
1987,3,2,2,0.22511
1988,3,2,2,0.06711
1989,3,2,2,0.95902
1992,3,2,2,0.11454
1993,3,2,2,1.72603
1998,3,2,2,4.95785
2000,3,2,2,4.07238
2001,3,2,2,2.92931
2002,3,2,2,0.11137
2003,3,2,2,0.1502
2009,3,2,2,7.05861
2010,3,2,2,11.13478
2011,3,2,2,60.35642
2012,3,2,2,56.39391
2013,3,2,2,157.59259
2014,3,2,2,58.78839
2015,3,2,2,71.24211
2016,3,2,2,47.4907
1957,4,2,2,26.34783
1958,4,2,2,3.30323
1959,4,2,2,42.74013
1960,4,2,2,169.01913
1961,4,2,2,159.39812
1962,4,2,2,692.57469
1963,4,2,2,530.79367
1964,4,2,2,294.17185
1965,4,2,2,80.25661
1966,4,2,2,9.31683
1967,4,2,2,34.34469
1968,4,2,2,6.11667
1969,4,2,2,2.41329
1970,4,2,2,18.18527
1971,4,2,2,63.55931
1972,4,2,2,24.47085
1973,4,2,2,546.40649
1974,4,2,2,51.1542
1975,4,2,2,126.67422
1976,4,2,2,805.354
1977,4,2,2,414.79268
1978,4,2,2,346.96366
1979,4,2,2,854.97459
1980,4,2,2,1330.23453
1981,4,2,2,664.59063
1982,4,2,2,161.89984
1983,4,2,2,383.92803
1984,4,2,2,355.02085
1986,4,2,2,443.82896
1987,4,2,2,521.56948
1988,4,2,2,509.00189
1989,4,2,2,289.52705
1990,4,2,2,219.3491
1991,4,2,2,491.23846
1992,4,2,2,239.16242
1993,4,2,2,251.90412
1994,4,2,2,35.75762
1995,4,2,2,341.95831
1996,4,2,2,296.13749
1997,4,2,2,254.13676
1998,4,2,2,454.9858
1999,4,2,2,285.7081
2000,4,2,2,257.88566
2001,4,2,2,498.29129
2002,4,2,2,295.68565
2003,4,2,2,56.8498
2004,4,2,2,126.61837
2005,4,2,2,21.22519
2006,4,2,2,6.75908
2007,4,2,2,18.03339
2008,4,2,2,325.38886
2009,4,2,2,54.66673
2010,4,2,2,140.19695
2011,4,2,2,148.70592
2012,4,2,2,232.78509
2013,4,2,2,131.29208
2014,4,2,2,242.7536
2015,4,2,2,274.18836
2016,4,2,2,297.91437
1960,1,4,2,9.98324
1961,1,4,2,10.47228
1962,1,4,2,185.76644
1963,1,4,2,23.92868
1964,1,4,2,179.1227
1965,1,4,2,92.12905
1966,1,4,2,0.68933
1967,1,4,2,5.59255
1968,1,4,2,1.1626
1970,1,4,2,4.8
1971,1,4,2,7.00725
1972,1,4,2,90.14218
1973,1,4,2,5.55483
1974,1,4,2,144.73483
1975,1,4,2,828.29966
1976,1,4,2,291.82232
1977,1,4,2,125.09495
1978,1,4,2,199.56006
1979,1,4,2,52.11339
1980,1,4,2,121.47923
1981,1,4,2,109.87503
1982,1,4,2,51.56504
1983,1,4,2,49.94896
1984,1,4,2,70.60106
1985,1,4,2,23.99073
1986,1,4,2,78.43785
1987,1,4,2,257.57273
1988,1,4,2,237.36385
1989,1,4,2,205.57251
1990,1,4,2,189.87578
1991,1,4,2,101.3017
1992,1,4,2,271.48164
1993,1,4,2,120.85433
1994,1,4,2,129.59332
1995,1,4,2,80.4528
1996,1,4,2,89.92754
1997,1,4,2,188.71644
1998,1,4,2,237.01371
1999,1,4,2,102.66421
2000,1,4,2,319.86752
2001,1,4,2,97.66652
2002,1,4,2,292.15232
2003,1,4,2,195.00827
2004,1,4,2,76.36836
2005,1,4,2,196.51083
2006,1,4,2,864.79021
2007,1,4,2,247.82762
2008,1,4,2,157.5289
2009,1,4,2,1.37166
1957,2,4,2,2.0625
1958,2,4,2,0.35294
1960,2,4,2,154.55988
1961,2,4,2,8.09855
1962,2,4,2,145.14077
1963,2,4,2,175.94609
1964,2,4,2,97.19836
1965,2,4,2,221.29027
1966,2,4,2,11.4124
1967,2,4,2,7.12384
1968,2,4,2,6.86992
1969,2,4,2,0.5
1970,2,4,2,15.3
1971,2,4,2,104.35103
1972,2,4,2,137.63033
1973,2,4,2,26.31229
1974,2,4,2,427.15215
1975,2,4,2,1701.42685
1976,2,4,2,1304.99909
1977,2,4,2,1279.34197
1978,2,4,2,314.27721
1979,2,4,2,550.8049
1980,2,4,2,722.63424
1981,2,4,2,386.28926
1982,2,4,2,2339.20668
1983,2,4,2,2493.61791
1984,2,4,2,1373.63244
1985,2,4,2,356.29487
1986,2,4,2,552.9635
1987,2,4,2,613.39016
1988,2,4,2,894.82123
1989,2,4,2,272.70917
1990,2,4,2,615.28116
1991,2,4,2,1010.05693
1992,2,4,2,1364.75912
1993,2,4,2,706.3491
1994,2,4,2,604.73019
1995,2,4,2,1097.52506
1996,2,4,2,468.5455
1997,2,4,2,396.55124
1998,2,4,2,506.13454
1999,2,4,2,237.13679
2000,2,4,2,112.79756
2001,2,4,2,275.97176
2002,2,4,2,415.22016
2003,2,4,2,305.38808
2004,2,4,2,141.48701
2005,2,4,2,235.55943
2006,2,4,2,287.59731
2007,2,4,2,118.87134
2008,2,4,2,157.79941
2009,2,4,2,21.03213
2010,2,4,2,9.19062
1957,3,4,2,5.15625
1958,3,4,2,0.88235
1959,3,4,2,9.59572
1960,3,4,2,169.71518
1961,3,4,2,76.93635
1962,3,4,2,846.00249
1963,3,4,2,715.04478
1964,3,4,2,170.39469
1965,3,4,2,44.77423
1966,3,4,2,14.68983
1967,3,4,2,22.63649
1968,3,4,2,4.01624
1969,3,4,2,1.16667
1970,3,4,2,0.75
1971,3,4,2,0.37877
1972,3,4,2,0.28436
1974,3,4,2,82.24063
1975,3,4,2,9.75031
1976,3,4,2,67.95369
1977,3,4,2,69.97968
1978,3,4,2,1.19497
1979,3,4,2,0.1079
1981,3,4,2,0.15696
1982,3,4,2,137.66592
1983,3,4,2,32.63332
1984,3,4,2,29.37537
1985,3,4,2,1.1347
1986,3,4,2,6.2376
1987,3,4,2,10.8325
1988,3,4,2,7.39661
1989,3,4,2,0.13427
1990,3,4,2,4.55308
1991,3,4,2,23.02312
1992,3,4,2,89.88131
1993,3,4,2,40.62616
1995,3,4,2,16.94932
1996,3,4,2,8.30101
1999,3,4,2,0.54842
2001,3,4,2,3.04068
1957,4,4,2,25.78125
1958,4,4,2,0.76471
1959,4,4,2,46.40428
1960,4,4,2,146.74169
1961,4,4,2,108.49282
1962,4,4,2,1307.0903
1963,4,4,2,703.08046
1964,4,4,2,135.28426
1965,4,4,2,42.45164
1966,4,4,2,23.16293
1967,4,4,2,64.1145
1968,4,4,2,0.21138
1969,4,4,2,0.33334
1970,4,4,2,0.15
1971,4,4,2,44.31604
1972,4,4,2,6.54028
1973,4,4,2,2.92359
1974,4,4,2,321.15073
1975,4,4,2,18.54935
1976,4,4,2,244.77746
1977,4,4,2,82.83991
1979,4,4,2,0.1079
1981,4,4,2,4.70893
1982,4,4,2,0.3183
1985,4,4,2,17.66885
1986,4,4,2,5.14602
1987,4,4,2,13.84153
1988,4,4,2,8.74145
1989,4,4,2,7.92213
1990,4,4,2,0.12306
1991,4,4,2,5.42688
1993,4,4,2,3.92606
1995,4,4,2,215.48238
1996,4,4,2,12.91267
1997,4,4,2,3.57698
1999,4,4,2,16.89133
2000,4,4,2,0.13722
2001,4,4,2,0.85139
2002,4,4,2,10.83532
1973,1,5,2,3.50831
1981,1,5,2,12.08625
1986,1,5,2,33.68305
1987,1,5,2,2.55767
1988,1,5,2,5.54745
1989,1,5,2,83.78658
1990,1,5,2,89.83105
1991,1,5,2,183.85601
1992,1,5,2,568.85846
1993,1,5,2,520.45877
1994,1,5,2,474.6732
1995,1,5,2,66.66734
1999,1,5,2,1.42589
2000,1,5,2,10.56619
2001,1,5,2,703.12594
2002,1,5,2,42.13736
2005,1,5,2,58.5729
2007,1,5,2,53.69288
2008,1,5,2,169.43148
2009,1,5,2,22.9753
2010,1,5,2,1.36617
1965,2,5,2,0.90322
1966,2,5,2,0.01301
1968,2,5,2,0.21138
1973,2,5,2,1.31561
1975,2,5,2,1.30796
1976,2,5,2,7.02969
1978,2,5,2,0.68284
1979,2,5,2,0.86316
1981,2,5,2,0.78482
1982,2,5,2,15.91513
1993,2,5,2,0.1707
2001,2,5,2,43.1776
1965,3,5,2,2.06452
1967,3,5,2,0.13316
1968,3,5,2,0.52846
1971,3,5,2,0.18939
1974,3,5,2,0.65098
1975,3,5,2,0.11891
1979,3,5,2,0.21579
1982,3,5,2,0.15915
1992,3,5,2,27.7329
1993,3,5,2,1.53629
1994,3,5,2,2.20239
1995,3,5,2,397.51808
1996,3,5,2,850.23794
1997,3,5,2,690.35687
1998,3,5,2,874.33257
1999,3,5,2,365.13803
2000,3,5,2,502.2373
2001,3,5,2,482.85936
2002,3,5,2,595.67507
2003,3,5,2,261.14251
2004,3,5,2,107.41331
2005,3,5,2,218.82432
2006,3,5,2,10.87083
2007,3,5,2,120.8323
2008,3,5,2,342.28946
2009,3,5,2,293.8781
2010,3,5,2,24.71532
2011,3,5,2,5.13529
2013,3,5,2,4.97272
2014,3,5,2,37.63063
2015,3,5,2,11.81333
2016,3,5,2,23.55689
1966,4,5,2,0.03252
1967,4,5,2,0.19974
1978,4,5,2,0.34142
1980,4,5,2,34.77204
1982,4,5,2,3.02387
1984,4,5,2,23.36677
1985,4,5,2,15.72366
1986,4,5,2,62.53197
1987,4,5,2,1.80542
1988,4,5,2,15.12942
1989,4,5,2,93.7228
1990,4,5,2,550.18441
1991,4,5,2,1645.166
1992,4,5,2,983.8495
1993,4,5,2,1070.61902
1994,4,5,2,786.02173
1995,4,5,2,2044.76611
1996,4,5,2,1899.5462
1997,4,5,2,1181.75973
1998,4,5,2,1398.79432
1999,4,5,2,1728.07136
2000,4,5,2,1922.91015
2001,4,5,2,732.43804
2002,4,5,2,1153.09209
2003,4,5,2,1393.96954
2004,4,5,2,999.0627
2005,4,5,2,1357.44613
2006,4,5,2,427.71907
2007,4,5,2,623.58431
2008,4,5,2,1454.91056
2009,4,5,2,1528.60044
2010,4,5,2,1069.71363
2011,4,5,2,1083.68871
2012,4,5,2,1092.59901
2013,4,5,2,1123.99428
2014,4,5,2,1074.98176
2015,4,5,2,1343.89867
2016,4,5,2,1456.75856
1980,1,6,2,1.11449
1981,1,6,2,0.62786
1984,1,6,2,0.16691
1989,1,6,2,15.03862
1990,1,6,2,0.86139
1991,1,6,2,0.16445
1992,1,6,2,0.16707
1993,1,6,2,19.45959
1994,1,6,2,1.15915
1995,1,6,2,50.73496
2000,1,6,2,1.50946
2005,1,6,2,5.83194
2006,1,6,2,0.79933
2007,1,6,2,66.48578
2008,1,6,2,8.83676
1965,2,6,2,0.3871
1971,2,6,2,0.75754
1973,2,6,2,4.38538
1974,2,6,2,2.27844
1975,2,6,2,8.91795
1976,2,6,2,29.02001
1977,2,6,2,33.5702
1978,2,6,2,60.94349
1979,2,6,2,25.78696
1982,2,6,2,20.37137
1983,2,6,2,32.79981
1984,2,6,2,16.85746
1985,2,6,2,5.02509
1989,2,6,2,157.50264
1990,2,6,2,13.29007
1991,2,6,2,1.48006
1992,2,6,2,26.2293
1998,2,6,2,0.1378
2005,2,6,2,2.78919
1972,3,6,2,5.40284
1974,3,6,2,1216.79226
1975,3,6,2,331.62902
1976,3,6,2,27.39777
1977,3,6,2,3.1733
1982,3,6,2,4.77454
1989,3,6,2,1.61128
1996,3,6,2,1.69094
1997,3,6,2,61.79539
1998,3,6,2,71.10411
1999,3,6,2,94.32824
2000,3,6,2,9.05674
2001,3,6,2,76.26016
2002,3,6,2,1.20393
2003,3,6,2,30.66757
2004,3,6,2,140.4053
2005,3,6,2,20.79211
2006,3,6,2,66.82361
2007,3,6,2,73.39582
2008,3,6,2,34.53553
1967,4,6,2,0.19974
1981,4,6,2,0.47089
1985,4,6,2,0.1621
1991,4,6,2,10.52485
1992,4,6,2,17.0407
1994,4,6,2,76.62002
1995,4,6,2,0.90397
1996,4,6,2,9.83823
1997,4,6,2,382.24334
1998,4,6,2,107.48297
1999,4,6,2,143.79572
2000,4,6,2,15.9179
2001,4,6,2,9.60853
2002,4,6,2,25.68372
2003,4,6,2,508.82406
2004,4,6,2,550.26331
2005,4,6,2,501.67315
2006,4,6,2,237.39966
2007,4,6,2,307.30997
2008,4,6,2,25.2479
2009,4,6,2,36.12038
2010,4,6,2,50.30001
2014,4,6,2,21.86161
2015,4,6,2,30.15044
2016,4,6,2,97.61978
1975,1,7,2,1.32284
1983,1,7,2,3.00592
1988,1,7,2,0.73767
1972,2,7,2,43.22525
1973,2,7,2,243.06894
1974,2,7,2,1860.83022
1975,2,7,2,283.91339
1976,2,7,2,575.58312
1977,2,7,2,273.80078
1978,2,7,2,6.30447
1979,2,7,2,25.52344
1980,2,7,2,114.86557
1981,2,7,2,27.83301
1982,2,7,2,165.06871
1983,2,7,2,375.40602
1984,2,7,2,637.12225
1985,2,7,2,914.20799
1986,2,7,2,333.40347
1987,2,7,2,280
1988,2,7,2,241.03359
1989,2,7,2,100.75577
1990,2,7,2,172
1991,2,7,2,82.56071
1992,2,7,2,121.70253
1993,2,7,2,552.33332
1994,2,7,2,536
1995,2,7,2,813.00001
1996,2,7,2,765.00001
1997,2,7,2,98.95348
1998,2,7,2,360.99999
1999,2,7,2,380.99999
2000,2,7,2,135.99999
2001,2,7,2,152.00001
2002,2,7,2,390
2003,2,7,2,316
2004,2,7,2,638.00001
2005,2,7,2,378
2006,2,7,2,556
2007,2,7,2,466
2008,2,7,2,79.96
2009,2,7,2,18.453
1972,3,7,2,68.13198
1973,3,7,2,2.93107
1974,3,7,2,334.16977
1975,3,7,2,974.76376
1976,3,7,2,392.41689
1977,3,7,2,246.19921
1978,3,7,2,54.69553
1979,3,7,2,73.47656
1980,3,7,2,4.13444
1981,3,7,2,72.16699
1982,3,7,2,795.93129
1983,3,7,2,298.58806
1984,3,7,2,398.87775
1985,3,7,2,91.79201
1986,3,7,2,7.59653
1988,3,7,2,16.22873
1989,3,7,2,26.24422
1991,3,7,2,2.43929
1992,3,7,2,1.29747
1993,3,7,2,240.66666
1997,3,7,2,40.49798
1972,4,7,2,0.64276
1997,4,7,2,45.54855
1950,1,7,5,164.25
1951,1,7,5,132.75
1952,1,7,5,250.25
1953,1,7,5,266
1954,1,7,5,311.5
1955,1,7,5,225.25
1956,1,7,5,154.75
1957,1,7,5,155.25
1958,1,7,5,151.25
1959,1,7,5,97
1960,1,7,5,56.25
1961,1,7,5,118
1962,1,7,5,104.75
1963,1,7,5,383.25
1964,1,7,5,315.25
1965,1,7,5,108.75
1966,1,7,5,254.87772
1967,1,7,5,408.56658
1968,1,7,5,299.94431
1969,1,7,5,586.06658
1970,1,7,5,362.71549
1971,1,7,5,494.43099
1972,1,7,5,785.21549
1973,1,7,5,441.72881
1974,1,7,5,923.8299
1975,1,7,5,1138.65436
1976,1,7,5,1616.60113
1977,1,7,5,1323.65132
1978,1,7,5,823.75
1979,1,7,5,944.46138
1980,1,7,5,1207.5011
1981,1,7,5,578.13071
1982,1,7,5,1539.69889
1983,1,7,5,1502.2898
1984,1,7,5,1325.51796
1985,1,7,5,1606.87602
1986,1,7,5,1560.24534
1987,1,7,5,1064.9967
1988,1,7,5,1339.58134
1989,1,7,5,894.29825
1990,1,7,5,1022.95353
1991,1,7,5,1120.20957
1992,1,7,5,1342.01527
1993,1,7,5,1633.28288
1994,1,7,5,1929.36683
1995,1,7,5,1162.00145
1996,1,7,5,2615.49
1997,1,7,5,3271.43687
1998,1,7,5,6605.77041
1999,1,7,5,7015.124
2000,1,7,5,8063.77729
2001,1,7,5,6960.82198
2002,1,7,5,6600.95766
2003,1,7,5,7393.12768
2004,1,7,5,7407.82918
2005,1,7,5,6811.09075
2006,1,7,5,7715.41368
2007,1,7,5,720.63049
2008,1,7,5,806.09215
1950,3,7,5,530.75
1951,3,7,5,462.51
1952,3,7,5,583.4675
1953,3,7,5,632.095
1954,3,7,5,829.867
1955,3,7,5,566.167
1956,3,7,5,452.71
1957,3,7,5,393.48
1958,3,7,5,364.5895
1959,3,7,5,280.634
1960,3,7,5,280.686
1961,3,7,5,290.186
1962,3,7,5,192.7505
1963,3,7,5,419.2475
1964,3,7,5,337.85
1965,3,7,5,126.299
1966,3,7,5,624.47005
1967,3,7,5,956.35558
1968,3,7,5,1205.02363
1969,3,7,5,1129.34358
1970,3,7,5,759.49516
1971,3,7,5,1285.58756
1972,3,7,5,1180.27316
1973,3,7,5,1250.52293
1974,3,7,5,2219.22838
1975,3,7,5,2186.46946
1976,3,7,5,3614.60237
1977,3,7,5,1979.95311
1978,3,7,5,1373.09616
1979,3,7,5,1118.12907
1980,3,7,5,1938.39959
1981,3,7,5,1983.84903
1982,3,7,5,3148.03995
1983,3,7,5,2645.83983
1984,3,7,5,2450.40265
1985,3,7,5,3337.90937
1986,3,7,5,4160.99243
1987,3,7,5,4315.73342
1988,3,7,5,5703.44272
1989,3,7,5,4309.37597
1990,3,7,5,4735.66713
1991,3,7,5,4950.80885
1992,3,7,5,7583.65529
1993,3,7,5,7249.44125
1994,3,7,5,12155.76715
1995,3,7,5,9699.21826
1996,3,7,5,9859.62563
1997,3,7,5,3900.24558
1998,3,7,5,7791.56656
1999,3,7,5,8556.01758
2000,3,7,5,7385.63924
2001,3,7,5,8022.03258
2002,3,7,5,8124.17925
2003,3,7,5,8970.3835
2004,3,7,5,8367.96517
2005,3,7,5,7421.56749
2006,3,7,5,8210.05468
2007,3,7,5,897.80075
2008,3,7,5,252.1335
1950,4,7,5,164.25
1951,4,7,5,132.75
1952,4,7,5,250.25
1953,4,7,5,266
1954,4,7,5,311.5
1955,4,7,5,225.25
1956,4,7,5,154.75
1957,4,7,5,155.25
1958,4,7,5,151.25
1959,4,7,5,97
1960,4,7,5,56.25
1961,4,7,5,118
1962,4,7,5,104.75
1963,4,7,5,383.25
1964,4,7,5,315.25
1965,4,7,5,108.75
1966,4,7,5,560.38751
1967,4,7,5,866.83127
1968,4,7,5,1063.71879
1969,4,7,5,1044.33127
1970,4,7,5,698.77627
1971,4,7,5,1208.55253
1972,4,7,5,1122.27627
1973,4,7,5,892.84783
1974,4,7,5,1525.38468
1975,4,7,5,1703.66378
1976,4,7,5,3083.79164
1977,4,7,5,3726.70155
1978,4,7,5,2125.46706
1979,4,7,5,2232.73067
1980,4,7,5,1530.30879
1981,4,7,5,1246.2586
1982,4,7,5,2959.79507
1983,4,7,5,2443.9489
1984,4,7,5,2271.66741
1985,4,7,5,3036.49127
1986,4,7,5,1978.22679
1987,4,7,5,1613.50199
1988,4,7,5,1969.84932
1989,4,7,5,1369.88576
1990,4,7,5,1520.76163
1991,4,7,5,1638.84184
1992,4,7,5,2368.92685
1993,4,7,5,2520.50767
1994,4,7,5,4021.16642
1995,4,7,5,2334.46745
1996,4,7,5,3580.71552
1997,4,7,5,3493.7234
1998,4,7,5,7465.70863
1999,4,7,5,7129.124
2000,4,7,5,7298.29886
2001,4,7,5,7176.54885
2002,4,7,5,6554.18436
2003,4,7,5,7354.5258
2004,4,7,5,7490.68328
2005,4,7,5,6811.09075
2006,4,7,5,7710.00168
2007,4,7,5,707.80075
2008,4,7,5,252.1335
1950,2,7,6,530.75
1951,2,7,6,462.51
1952,2,7,6,583.4675
1953,2,7,6,632.095
1954,2,7,6,829.867
1955,2,7,6,566.167
1956,2,7,6,452.71
1957,2,7,6,393.48
1958,2,7,6,364.5895
1959,2,7,6,280.634
1960,2,7,6,280.686
1961,2,7,6,290.186
1962,2,7,6,192.7505
1963,2,7,6,419.2475
1964,2,7,6,337.85
1965,2,7,6,126.299
1966,2,7,6,457.16271
1967,2,7,6,705.39457
1968,2,7,6,786.75527
1969,2,7,6,878.38257
1970,2,7,6,575.45709
1971,2,7,6,917.51141
1972,2,7,6,996.23509
1973,2,7,6,1738.90044
1974,2,7,6,3450.55704
1975,2,7,6,3036.21239
1976,2,7,6,5655.00485
1977,2,7,6,2532.69402
1978,2,7,6,2976.68678
1979,2,7,6,1807.67888
1980,2,7,6,3864.79051
1981,2,7,6,4720.76166
1982,2,7,6,4483.46609
1983,2,7,6,3892.92147
1984,2,7,6,4576.12134
1985,2,7,6,4478.99506
1986,2,7,6,3416.32464
1987,2,7,6,3037.89229
1988,2,7,6,3552.98022
1989,2,7,6,4309.39362
1990,2,7,6,4518.01771
1991,2,7,6,4677.13974
1992,2,7,6,6209.20261
1993,2,7,6,7603.6682
1994,2,7,6,8431.6996
1995,2,7,6,9383.31284
1996,2,7,6,8605.16885
1997,2,7,6,12525.59414
1998,2,7,6,9040.08142
1999,2,7,6,10177.23042
2000,2,7,6,9575.26661
2001,2,7,6,9993.76459
2002,2,7,6,11789.62673
2003,2,7,6,12435.7047
2004,2,7,6,13775.66637
2005,2,7,6,14578.05401
2006,2,7,6,13705.33268
2007,2,7,6,45851.50903
2008,2,7,6,11408.63598
2009,1,7,7,366.06875
2010,1,7,7,194.10325
2011,1,7,7,38.255
2012,1,7,7,26.39685
2015,1,7,7,354.47025
2016,1,7,7,917.99397
2009,2,7,7,9739.97274
2010,2,7,7,4033.51369
2011,2,7,7,3825.30363
2012,2,7,7,5748.83348
2013,2,7,7,6670.10545
2014,2,7,7,6870.37307
2015,2,7,7,6617.69124
2016,2,7,7,7902.40519
2009,3,7,7,366.06875
2010,3,7,7,194.301
2011,3,7,7,38.255
2012,3,7,7,20.52076
2013,3,7,7,932.75628
2014,3,7,7,946.7695
2015,3,7,7,1574.731
2016,3,7,7,1142.15352
2009,4,7,7,366.06875
2010,4,7,7,194.10325
2011,4,7,7,38.255
2012,4,7,7,20.53633
2015,4,7,7,1009.59048
2016,4,7,7,920.38993
1950,3,5,8,2199.92
1951,3,5,8,6728.26
1952,3,5,8,14751.8
1953,3,5,8,10217.035
1954,3,5,8,12144.535
1955,3,5,8,13393.555
1956,3,5,8,5313.475
1957,3,5,8,6436.565
1958,3,5,8,3860.14
1959,3,5,8,3240.77
1960,3,5,8,4214.8
1961,3,5,8,8552.96
1962,3,5,8,8730.29
1963,3,5,8,167.05
1964,3,5,8,1461.045
1965,3,5,8,2505.75
1966,3,5,8,999.73
1967,3,5,8,2014.88
1968,3,5,8,753.01
1969,3,5,8,841.675
1970,3,5,8,470.31
1971,3,5,8,652.78
1972,3,5,8,430.47497
1973,3,5,8,421.48001
1974,3,5,8,868.66
1975,3,5,8,988
1976,3,5,8,529
1977,3,5,8,764
1978,3,5,8,221
1979,3,5,8,60
1980,3,5,8,206.37767
1981,3,5,8,59.35758
1982,3,5,8,50
1983,3,5,8,1
1984,3,5,8,242.59768
1986,3,5,8,31
1999,3,5,8,5
2016,3,5,8,41.738
1980,4,5,8,29.10074
1984,4,5,8,0.40232
1980,3,6,8,46.52159
1981,3,6,8,101.64242
1992,1,7,9,28.51152
1993,1,7,9,59.97732
2002,1,7,9,4
2008,1,7,9,13.35
1991,2,7,9,1212.22928
1992,2,7,9,7.12788
1993,2,7,9,44.38322
1994,2,7,9,990.30101
1995,2,7,9,856.85619
1996,2,7,9,955.18395
1997,2,7,9,764.14716
1998,2,7,9,498.43932
1999,2,7,9,516.3809
2000,2,7,9,512.68045
2001,2,7,9,499
2002,2,7,9,659
2003,2,7,9,880
2004,2,7,9,375.83846
2005,2,7,9,448
2006,2,7,9,831.02109
2007,2,7,9,816.546
2008,2,7,9,807.945
2009,2,7,9,609.43
2010,2,7,9,369.539
2011,2,7,9,366.005
2012,2,7,9,366.779
2013,2,7,9,380.325
2014,2,7,9,377.8669
2015,2,7,9,437.736
2016,2,7,9,436.06854
1991,3,7,9,205.77072
1992,3,7,9,798.63249
1993,3,7,9,857.67574
1994,3,7,9,399.02238
1995,3,7,9,345.25341
1996,3,7,9,384.87265
1997,3,7,9,307.89812
1998,3,7,9,328.63034
1999,3,7,9,340.45955
2000,3,7,9,338.01977
2001,3,7,9,329
2002,3,7,9,207
2003,3,7,9,109
2004,3,7,9,451.35954
2005,3,7,9,429
2006,3,7,9,190.97891
1992,4,7,9,241.72811
1993,4,7,9,95.96372
1994,4,7,9,20.67661
1995,4,7,9,17.8904
1996,4,7,9,19.9434
1997,4,7,9,15.95472
1998,4,7,9,61.93034
1999,4,7,9,64.15955
2000,4,7,9,63.69978
2001,4,7,9,62
2002,4,7,9,105
2003,4,7,9,148
2005,4,7,9,140.152
1963,2,2,10,652.35223
1964,2,2,10,1347.77496
1965,2,2,10,4.29503
1969,2,2,10,10.08418
1970,2,2,10,194.32535
1971,2,2,10,222.39781
1972,2,2,10,16.45717
1975,2,2,10,493.39071
1977,2,2,10,1204
1978,2,2,10,1071
1979,2,2,10,989.47439
1980,2,2,10,193
1981,2,2,10,249.72614
1982,2,2,10,63.1031
1983,2,2,10,102.08199
1984,2,2,10,106.60124
1950,3,2,10,0.94171
1951,3,2,10,94.17085
1954,3,2,10,51.79397
1958,3,2,10,129.95577
1959,3,2,10,735.47437
1960,3,2,10,260.85326
1961,3,2,10,850.36282
1962,3,2,10,3548.35778
1963,3,2,10,4655.31562
1964,3,2,10,3802.22504
1965,3,2,10,3326.70497
1966,3,2,10,1006
1967,3,2,10,2082
1968,3,2,10,687
1969,3,2,10,1107.91582
1970,3,2,10,4093.67465
1971,3,2,10,3546.60219
1972,3,2,10,1994.54283
1973,3,2,10,1656
1974,3,2,10,960
1975,3,2,10,1826.60929
1976,3,2,10,1582
1977,3,2,10,298
1978,3,2,10,159
1979,3,2,10,391.52561
1980,3,2,10,565
1981,3,2,10,516.27386
1982,3,2,10,131.682
1983,3,2,10,213.22733
1984,3,2,10,222.66708
1950,4,2,10,0.05829
1951,4,2,10,5.82915
1954,4,2,10,3.20603
1958,4,2,10,8.04422
1959,4,2,10,45.52563
1960,4,2,10,16.14673
1961,4,2,10,52.63718
1962,4,2,10,219.64221
1963,4,2,10,462.33215
1981,4,2,10,144
1982,4,2,10,42.21491
1983,4,2,10,68.69068
1984,4,2,10,71.73168
2009,1,2,11,2.81364
2012,1,2,11,0.4195
2013,1,2,11,19.32976
2014,1,2,11,14.00335
2015,1,2,11,5.63346
1985,2,2,11,100.22112
1986,2,2,11,95.70186
1987,2,2,11,97.56273
2009,2,2,11,3.86503
2012,2,2,11,0.4195
2013,2,2,11,17.5443
2014,2,2,11,21.77042
2015,2,2,11,10.90113
1985,3,2,11,209.34037
1986,3,2,11,199.90062
1987,3,2,11,203.78758
1988,3,2,11,383
1989,3,2,11,385
1990,3,2,11,384
1991,3,2,11,237
1992,3,2,11,300
1993,3,2,11,295
1994,3,2,11,301
1995,3,2,11,249
1996,3,2,11,245
1997,3,2,11,250
1998,3,2,11,249
1999,3,2,11,103.33334
2000,3,2,11,275.2
2001,3,2,11,195.9
2002,3,2,11,207.74
2003,3,2,11,265.42
2004,3,2,11,31.786
2005,3,2,11,178.283
2006,3,2,11,3.594
2007,3,2,11,27.948
2009,3,2,11,2.58066
2012,3,2,11,0.4195
2013,3,2,11,4.73542
2014,3,2,11,4.30873
2015,3,2,11,7.682
1985,4,2,11,67.43851
1986,4,2,11,64.39752
1987,4,2,11,65.64969
1999,4,2,11,144.66666
2009,4,2,11,2.18041
2012,4,2,11,0.4195
2013,4,2,11,0.93156
2014,4,2,11,1.7575
2015,4,2,11,14.63239
1990,1,2,14,3.90387
1990,2,2,14,2.40238
1991,2,2,14,0.30027
1992,2,2,14,0.29605
2008,2,2,14,7.80291
2013,2,2,14,0.552
2014,2,2,14,0.52038
1975,3,2,14,12
1976,3,2,14,2
1977,3,2,14,2
1978,3,2,14,1.99044
1979,3,2,14,1
1981,3,2,14,0.90617
1990,3,2,14,351.83102
1991,3,2,14,288.7584
1992,3,2,14,300.34775
1993,3,2,14,256.43909
1994,3,2,14,240.9397
1995,3,2,14,284.51713
1996,3,2,14,243.69474
1997,3,2,14,265.19588
1998,3,2,14,292.84966
2000,3,2,14,176.82661
2001,3,2,14,266.331
2002,3,2,14,351.4756
2003,3,2,14,266.2353
2004,3,2,14,186.50353
2005,3,2,14,188.28346
2006,3,2,14,251.10365
2007,3,2,14,87.78471
2008,3,2,14,153.97444
2009,3,2,14,142.67919
2010,3,2,14,91.32514
2011,3,2,14,84.03434
2012,3,2,14,76.6052
2013,3,2,14,50.36589
2014,3,2,14,36.45757
2015,3,2,14,55.48743
2016,3,2,14,38.79816
1990,4,2,14,64.95392
1991,4,2,14,123.41043
1992,4,2,14,66.70461
1993,4,2,14,37.58662
1994,4,2,14,1.80076
1995,4,2,14,39.53009
1996,4,2,14,124.84017
1997,4,2,14,68.05924
1998,4,2,14,98.9407
2000,4,2,14,119.03686
2001,4,2,14,73.264
2002,4,2,14,1.23074
2004,4,2,14,51.78369
2005,4,2,14,114.40138
2006,4,2,14,108.24485
2007,4,2,14,121.9709
2008,4,2,14,93.46382
2009,4,2,14,33.0199
2010,4,2,14,8.9078
2011,4,2,14,65.46788
2012,4,2,14,75.60814
2013,4,2,14,95.57779
2014,4,2,14,54.50205
2015,4,2,14,57.40977
2016,4,2,14,59.26939
1975,3,3,14,187
1976,3,3,14,251
1977,3,3,14,253
1978,3,3,14,169.1866
1979,3,3,14,136
1980,3,3,14,248
1981,3,3,14,243.1559
1990,3,3,14,8.40832
1991,3,3,14,15.36063
1992,3,3,14,43.90076
1993,3,3,14,21.70202
1994,3,3,14,63.85895
1995,3,3,14,105.17034
1996,3,3,14,100.29762
1997,3,3,14,52.2103
1998,3,3,14,96.84625
2000,3,3,14,180.37153
2001,3,3,14,114.1
2002,3,3,14,206.84065
2003,3,3,14,192.5777
2004,3,3,14,235.59258
2005,3,3,14,244.66516
2006,3,3,14,276.72357
2007,3,3,14,174.30094
2008,3,3,14,123.25136
2009,3,3,14,155.90795
2010,3,3,14,125.39056
2011,3,3,14,150.2141
2012,3,3,14,173.86358
2013,3,3,14,180.48054
2014,3,3,14,167.20481
2015,3,3,14,180.56256
2016,3,3,14,157.53407
1975,4,3,14,7
1976,4,3,14,89
1977,4,3,14,47
1978,4,3,14,36.82297
1979,4,3,14,77
1980,4,3,14,11
1981,4,3,14,34.93793
1990,4,3,14,0.5005
1991,4,3,14,51.17027
1992,4,3,14,21.75083
1993,4,3,14,89.27226
1994,4,3,14,1.40059
1995,4,3,14,70.78245
1996,4,3,14,16.16747
1997,4,3,14,52.53457
1998,4,3,14,22.36338
2000,4,3,14,56.01
2001,4,3,14,47.469
2004,4,3,14,3.0432
2005,4,3,14,7.629
2006,4,3,14,47.73193
2007,4,3,14,45.40643
2008,4,3,14,144.37648
2009,4,3,14,113.53896
2010,4,3,14,176.0705
2011,4,3,14,55.70068
2012,4,3,14,85.6151
2013,4,3,14,74.58678
2014,4,3,14,124.02481
2015,4,3,14,159.2311
2016,4,3,14,123.18556
1950,2,6,3,130.997244640812
1951,2,6,3,170.483668034907
1952,2,6,3,206.287481641367
1953,2,6,3,182.069233541673
1954,2,6,3,242.175436226368
1955,2,6,3,288.79411743882
1956,2,6,3,150.097643037909
1957,2,6,3,176.867771218328
1958,2,6,3,186.73045002164
1959,2,6,3,167.313301127619
1960,2,6,3,60.4969673024601
1961,2,6,3,70.3356058261893
1962,2,6,3,74.9420492149452
1963,2,6,3,60.8051760150636
1964,2,6,3,55.4775682686315
1965,2,6,3,78.6646380755865
1966,2,6,3,146.849475445596
1967,2,6,3,77.9974983022482
1968,2,6,3,57.8606380344819
1969,2,6,3,77.5100882381738
1970,2,6,3,104.214479903176
1971,2,6,3,99.290845719335
1972,2,6,3,92.5498808765354
1973,2,6,3,106.116611987917
1974,2,6,3,72.573861526932
1975,2,6,3,171.606498217546
1976,2,6,3,18.8349153173274
1977,2,6,3,98.1735471359944
1978,2,6,3,32.6592776978417
1979,2,6,3,60.1685504691743
1980,2,6,3,53.4223175952888
1981,2,6,3,38.9808700966715
1982,2,6,3,28.8746150912558
1983,2,6,3,15.431429800857
1984,2,6,3,52.7078363155
1985,2,6,3,40.0588978434879
1986,2,6,3,38.6099104345938
1987,2,6,3,36.7906608083465
1989,2,6,3,123.757460918996
1990,2,6,3,62.2776624246484
1991,2,6,3,8.3558282208589
1993,2,6,3,21.9731542372881
1994,2,6,3,48.3429783616693
1995,2,6,3,42.6077633477633
1996,2,6,3,917.691526002972
1997,2,6,3,494.67132166302
1998,2,6,3,297.743780897265
1999,2,6,3,67.2197843217228
2000,2,6,3,154.717340586381
2001,2,6,3,219.729668322577
2002,2,6,3,227.589163961933
2003,2,6,3,61.9726576077202
2004,2,6,3,161.477778366203
2005,2,6,3,493.251928278889
2006,2,6,3,488.356777395473
2007,2,6,3,340.231819747107
2008,2,6,3,1034.21314250878
2009,2,6,4,56.1149355157245
2010,2,6,4,18.6220351524967
2011,2,6,4,35.892961804824
2012,2,6,4,0.113740823644402
2015,2,6,4,4.14236293104218
2016,2,6,4,24.9443398239271
1950,3,6,3,2384.38950544206
1951,3,6,3,3103.114649673
1952,3,6,3,3754.80955861653
1953,3,6,3,3313.99313711515
1954,3,6,3,4408.03598730125
1955,3,6,3,5256.58127193918
1956,3,6,3,2732.05169950329
1957,3,6,3,3219.31700701224
1958,3,6,3,3398.83580451554
1959,3,6,3,3045.40817193092
1960,3,6,3,1101.15548111397
1961,3,6,3,1280.23670154835
1962,3,6,3,1364.08239848403
1963,3,6,3,1106.76544353595
1964,3,6,3,1009.79323595604
1965,3,6,3,1431.84032603989
1966,3,6,3,2672.92910696127
1967,3,6,3,1419.69716166591
1968,3,6,3,1053.16946540278
1969,3,6,3,1410.82540680716
1970,3,6,3,1896.89418947382
1971,3,6,3,1807.27503978272
1972,3,6,3,1684.57714738203
1973,3,6,3,1931.51647327265
1974,3,6,3,1320.97705007996
1975,3,6,3,1416.72360826595
1976,3,6,3,905.044588019462
1977,3,6,3,1521.53214532313
1978,3,6,3,1818.03312517986
1979,3,6,3,1195.90822487276
1980,3,6,3,1061.82031153803
1981,3,6,3,774.7825533073
1982,3,6,3,843.33789594116
1983,3,6,3,623.285356668127
1984,3,6,3,2167.22348088236
1985,3,6,3,1647.12858833752
1986,3,6,3,1587.5496005517
1987,3,6,3,1512.74629267184
1988,3,6,3,1624.21718404613
1989,3,6,3,1765.83562292752
1990,3,6,3,1605.51813730743
1991,3,6,3,1364.78527607362
1992,3,6,3,847.49552097429
1993,3,6,3,3664.28505423729
1994,3,6,3,436.137739567233
1995,3,6,3,1553.05297402597
1996,3,6,3,3615.21318276374
1997,3,6,3,4314.25673231218
1998,3,6,3,2196.64751401538
1999,3,6,3,1394.9000714577
2000,3,6,3,1017.50519753585
2001,3,6,3,1621.08719188581
2002,3,6,3,1679.07174996988
2003,3,6,3,457.212183779906
2004,3,6,3,1191.32550593638
2005,3,6,3,1012.99216330552
2006,3,6,3,164.477497591531
2007,3,6,3,1763.74808525289
2008,3,6,3,708.663362727914
2009,3,6,4,880.516059577598
2010,3,6,4,506.765299756111
2011,3,6,4,454.244594837218
2012,3,6,4,173.14492925025
2013,3,6,4,73.5787981131348
2014,3,6,4,2.2958
2015,3,6,4,36.6849179743656
2016,3,6,4,593.355178699395
1950,4,6,3,459.807249917124
1951,4,6,3,598.406682292097
1952,4,6,3,724.079959742108
1953,4,6,3,639.072629343178
1954,4,6,3,850.048576472378
1955,4,6,3,1013.682610622
1956,4,6,3,526.8506574588
1957,4,6,3,620.815221769433
1958,4,6,3,655.433745462825
1959,4,6,3,587.278526941461
1960,4,6,3,212.34755158357
1961,4,6,3,246.881692625459
1962,4,6,3,263.050552301023
1963,4,6,3,213.429380448989
1964,4,6,3,194.729195775326
1965,4,6,3,276.117035884528
1966,4,6,3,515.449417593135
1967,4,6,3,273.775340031839
1968,4,6,3,203.093896562742
1969,4,6,3,272.06450495467
1970,4,6,3,365.798330623008
1971,4,6,3,348.516114497948
1972,4,6,3,324.854971741438
1973,4,6,3,372.474914739429
1974,4,6,3,254.738088393109
1975,4,6,3,324.117893516506
1976,4,6,3,88.1204966632102
1977,4,6,3,170.909307540878
1978,4,6,3,671.329597122302
1979,4,6,3,192.244224658067
1980,4,6,3,170.689370866678
1981,4,6,3,124.547576596028
1982,4,6,3,41.5694889675838
1983,4,6,3,2120.20121353102
1984,4,6,3,711.253682802143
1985,4,6,3,540.565513818992
1986,4,6,3,521.012489013707
1987,4,6,3,496.463046519815
1988,4,6,3,936.385815953868
1989,4,6,3,529.406916153482
1990,4,6,3,191.815200267917
1991,4,6,3,215.858895705521
1992,4,6,3,541.194479025711
1993,4,6,3,17.7877915254237
1994,4,6,3,875.428282071097
1995,4,6,3,1357.05726262626
1996,4,6,3,499.976291233284
1997,4,6,3,1384.6279460248
1998,4,6,3,299.821705087358
1999,4,6,3,1.55214422057264
2000,4,6,3,137.877461877767
2001,4,6,3,221.263139791612
2002,4,6,3,229.17748606819
2003,4,6,3,62.4051586123737
2004,4,6,3,162.604715697416
2005,4,6,3,641.972294415589
2006,4,6,3,287.578325012997
2008,4,6,3,357.262494763304
2009,4,6,4,56.6449349066776
2010,4,6,4,87.4571650913923
2011,4,6,4,53.2279433579575
2012,4,6,4,45.9918299261059
2013,4,6,4,0.122201886865207
2015,4,6,4,0.940719094592229
2016,4,6,4,133.938481476678
1970,2,1,17,14.90625
1971,2,1,17,13.21875
1972,2,1,17,8.15625
1973,3,1,17,0.45614
1950,1,2,17,89.075
1951,1,2,17,129.45
1952,1,2,17,49.875
1953,1,2,17,191.5
1954,1,2,17,132.75
1955,1,2,17,94.25
1956,1,2,17,45.25
1957,1,2,17,101
1958,1,2,17,217.25
1959,1,2,17,95.25
1960,1,2,17,59
1961,1,2,17,39.5
1962,1,2,17,56
1963,1,2,17,75.75
1964,1,2,17,119.75
1965,1,2,17,61.75
1966,1,2,17,55.25
1967,1,2,17,78.25
1968,1,2,17,31.5
1969,1,2,17,57.75
1970,1,2,17,32.5
1971,1,2,17,14.75
1972,1,2,17,7.25
1973,1,2,17,36
1974,1,2,17,64
1985,1,2,17,1.5
1987,1,2,17,0.75
1988,1,2,17,0.75
1989,1,2,17,0.75
1990,1,2,17,4
1991,1,2,17,3.5
1992,1,2,17,3.5
1993,1,2,17,0.5
1994,1,2,17,10.75
1995,1,2,17,2.25
1996,1,2,17,1
1997,1,2,17,0.5
2012,1,2,17,0.1025
2013,1,2,17,0.18675
1950,2,2,17,89.075
1951,2,2,17,129.45
1952,2,2,17,49.875
1953,2,2,17,191.5
1954,2,2,17,132.75
1955,2,2,17,94.25
1956,2,2,17,45.25
1957,2,2,17,101
1958,2,2,17,217.25
1959,2,2,17,95.25
1960,2,2,17,59
1961,2,2,17,39.5
1962,2,2,17,56
1963,2,2,17,75.75
1964,2,2,17,119.75
1965,2,2,17,61.75
1966,2,2,17,55.25
1967,2,2,17,78.25
1968,2,2,17,31.5
1969,2,2,17,57.75
1970,2,2,17,70.59375
1971,2,2,17,48.53125
1972,2,2,17,28.09375
1973,2,2,17,48.54386
1974,2,2,17,83.27711
1975,2,2,17,1
1985,2,2,17,1.5
1987,2,2,17,0.75
1988,2,2,17,0.75
1989,2,2,17,0.75
1990,2,2,17,4
1991,2,2,17,3.5
1992,2,2,17,3.5
1993,2,2,17,0.5
1994,2,2,17,11.14849
1995,2,2,17,2.25
1996,2,2,17,1
1997,2,2,17,0.5
1998,2,2,17,0.39824
1999,2,2,17,0.49992
2000,2,2,17,1.604
2003,2,2,17,0.1684
2005,2,2,17,0.623
2007,2,2,17,1.0797
2010,2,2,17,6.556
2012,2,2,17,1.86361
2013,2,2,17,2.09158
1950,3,2,17,89.075
1951,3,2,17,129.45
1952,3,2,17,49.875
1953,3,2,17,191.5
1954,3,2,17,132.75
1955,3,2,17,94.25
1956,3,2,17,45.25
1957,3,2,17,101
1958,3,2,17,217.25
1959,3,2,17,95.25
1960,3,2,17,59
1961,3,2,17,39.5
1962,3,2,17,56
1963,3,2,17,75.75
1964,3,2,17,119.75
1965,3,2,17,61.75
1966,3,2,17,55.25
1967,3,2,17,78.25
1968,3,2,17,31.5
1969,3,2,17,57.75
1970,3,2,17,32.5
1971,3,2,17,14.75
1972,3,2,17,7.25
1973,3,2,17,36
1974,3,2,17,64.72289
1975,3,2,17,143
1976,3,2,17,97
1977,3,2,17,195
1978,3,2,17,70
1979,3,2,17,6.2
1980,3,2,17,3.43902
1981,3,2,17,3
1982,3,2,17,4.97561
1983,3,2,17,0.51219
1984,3,2,17,2.62432
1985,3,2,17,18.99549
1987,3,2,17,11.375
1988,3,2,17,9.5
1989,3,2,17,1.375
1990,3,2,17,5.26316
1991,3,2,17,3.5
1992,3,2,17,3.5
1993,3,2,17,18.42361
1994,3,2,17,67.23549
1995,3,2,17,46.63494
1996,3,2,17,45.90044
1997,3,2,17,51.9
1998,3,2,17,67.00439
1999,3,2,17,43.99308
2000,3,2,17,13.21
2001,3,2,17,13.881
2002,3,2,17,28.129
2003,3,2,17,83.8216
2004,3,2,17,25.52465
2005,3,2,17,5.37
2006,3,2,17,2.682
2007,3,2,17,2.5113
2008,3,2,17,23.005
2009,3,2,17,20.31013
2010,3,2,17,32.231
2011,3,2,17,26.259
2012,3,2,17,14.91639
2013,3,2,17,9.65392
2014,3,2,17,18.453
2015,3,2,17,6.4728
2016,3,2,17,9.5176
1950,4,2,17,89.075
1951,4,2,17,129.45
1952,4,2,17,49.875
1953,4,2,17,191.5
1954,4,2,17,132.75
1955,4,2,17,94.25
1956,4,2,17,45.25
1957,4,2,17,101
1958,4,2,17,217.25
1959,4,2,17,95.25
1960,4,2,17,59
1961,4,2,17,39.5
1962,4,2,17,56
1963,4,2,17,75.75
1964,4,2,17,119.75
1965,4,2,17,61.75
1966,4,2,17,55.25
1967,4,2,17,78.25
1968,4,2,17,31.5
1969,4,2,17,57.75
1970,4,2,17,32.5
1971,4,2,17,14.75
1972,4,2,17,7.25
1973,4,2,17,36
1974,4,2,17,64
1976,4,2,17,75
1977,4,2,17,177
1978,4,2,17,151
1979,4,2,17,24.8
1980,4,2,17,43.56098
1981,4,2,17,38
1982,4,2,17,63.02439
1983,4,2,17,6.48781
1984,4,2,17,0.37568
1985,4,2,17,4.00451
1987,4,2,17,7.125
1988,4,2,17,6
1989,4,2,17,1.125
1990,4,2,17,4.73684
1991,4,2,17,3.5
1992,4,2,17,4.5
1993,4,2,17,11.57639
1994,4,2,17,32.86602
1995,4,2,17,29.86506
1996,4,2,17,46.09956
1997,4,2,17,8.1
1998,4,2,17,2.59737
1999,4,2,17,1
2000,4,2,17,2.238
2001,4,2,17,2.905
2002,4,2,17,0.5
2003,4,2,17,0.25
2004,4,2,17,6.50335
2005,4,2,17,2.441
2006,4,2,17,0.316
2009,4,2,17,3.15287
2012,4,2,17,0.1025
2013,4,2,17,0.18675
2014,4,2,17,1.091
2011,3,3,17,16.346
1950,1,4,17,112.9575
1951,1,4,17,447.585
1952,1,4,17,250.9225
1953,1,4,17,550.6
1954,1,4,17,78.0575
1955,1,4,17,480.26
1956,1,4,17,13.855
1957,1,4,17,251.115
1958,1,4,17,634.75
1959,1,4,17,871.45875
1960,1,4,17,571.5
1961,1,4,17,748.5
1962,1,4,17,407
1963,1,4,17,398
1964,1,4,17,515.67328
1965,1,4,17,244.83027
1966,1,4,17,465.15644
1967,1,4,17,534.98262
1968,1,4,17,138.46575
1969,1,4,17,197.04192
1970,1,4,17,161.98057
1971,1,4,17,81.93763
1972,1,4,17,86.53374
1973,1,4,17,84.70077
1974,1,4,17,50.80368
1975,1,4,17,91
1976,1,4,17,222.11165
1977,1,4,17,638.34758
1978,1,4,17,231.75431
1979,1,4,17,180.77446
1980,1,4,17,140.45476
1981,1,4,17,142.36067
1982,1,4,17,483.24087
1983,1,4,17,185.87008
1984,1,4,17,112.60432
1985,1,4,17,88.7127
1986,1,4,17,87.39576
1987,1,4,17,75.85317
1988,1,4,17,51.59125
1989,1,4,17,131.10095
1990,1,4,17,23.37847
1991,1,4,17,58.80779
1992,1,4,17,124.75347
1993,1,4,17,8.14169
1994,1,4,17,169.27514887282
1995,1,4,17,117.684837708067
1996,1,4,17,129.256115495751
1997,1,4,17,787.466633880597
1998,1,4,17,592.772906386768
1999,1,4,17,568.28091
2000,1,4,17,539.59648
2001,1,4,17,223.14200654232
2002,1,4,17,759.365557615979
2003,1,4,17,594.422416202532
2004,1,4,17,997.05405
2005,1,4,17,775.7289
2006,1,4,17,354.69731
2007,1,4,17,93.04198
2008,1,4,17,61.94089
2009,1,4,17,5.90457
2010,1,4,17,10.32066
2011,1,4,17,36.40599
2012,1,4,17,38.406
2013,1,4,17,145.223
2014,1,4,17,66.8164
2015,1,4,17,123.63083
2016,1,4,17,227.0574
1950,2,4,17,112.9575
1951,2,4,17,447.585
1952,2,4,17,250.9225
1953,2,4,17,550.6
1954,2,4,17,78.0575
1955,2,4,17,480.26
1956,2,4,17,13.855
1957,2,4,17,251.115
1958,2,4,17,634.75
1959,2,4,17,871.45875
1960,2,4,17,571.5
1961,2,4,17,748.5
1962,2,4,17,407
1963,2,4,17,398
1964,2,4,17,515.25103
1965,2,4,17,242.01023
1966,2,4,17,461.97853
1967,2,4,17,531.44683
1968,2,4,17,134.5864
1969,2,4,17,192.8047
1970,2,4,17,152.67587
1971,2,4,17,70.48568
1972,2,4,17,209.12323
1973,2,4,17,74.83266
1974,2,4,17,64.8766
1975,2,4,17,575.55924
1976,2,4,17,281.00662
1977,2,4,17,730.54738
1978,2,4,17,919.03356
1979,2,4,17,339.98257
1980,2,4,17,146.64157
1981,2,4,17,256.59008
1982,2,4,17,165.47341
1983,2,4,17,183.42617
1984,2,4,17,102.77546
1985,2,4,17,53.17918
1986,2,4,17,49.36931
1987,2,4,17,72.95083
1988,2,4,17,108.89196
1989,2,4,17,139.21843
1990,2,4,17,33.00432
1991,2,4,17,25.76741
1992,2,4,17,126.36458
1993,2,4,17,13.85016
1994,2,4,17,176.726838902595
1995,2,4,17,117.719800256082
1996,2,4,17,111.396859008499
1997,2,4,17,645.833240345832
1998,2,4,17,450.251272391857
1999,2,4,17,198.65506
2000,2,4,17,172.18565
2001,2,4,17,76.3131728701444
2002,2,4,17,221.90519499755
2003,2,4,17,501.892454894515
2004,2,4,17,218.02748
2005,2,4,17,218.3774
2006,2,4,17,103.97749
2007,2,4,17,142.35643
2008,2,4,17,3.39711
2009,2,4,17,2.55478
2010,2,4,17,9.26
2011,2,4,17,26.86689
2012,2,4,17,3.51304
2013,2,4,17,17.399
2014,2,4,17,2.41427
2015,2,4,17,10.78169
2016,2,4,17,38.50907
1950,3,4,17,112.9575
1951,3,4,17,447.585
1952,3,4,17,250.9225
1953,3,4,17,550.6
1954,3,4,17,78.0575
1955,3,4,17,480.26
1956,3,4,17,13.855
1957,3,4,17,251.115
1958,3,4,17,634.75
1959,3,4,17,871.45875
1960,3,4,17,571.5
1961,3,4,17,748.5
1962,3,4,17,407
1963,3,4,17,398
1964,3,4,17,515.62833
1965,3,4,17,321.57567
1966,3,4,17,551.6411
1967,3,4,17,631.20654
1968,3,4,17,244.03937
1969,3,4,17,312.35481
1970,3,4,17,415.20143
1971,3,4,17,393.59407
1972,3,4,17,835.52566
1973,3,4,17,464.86231
1974,3,4,17,855.93866
1975,3,4,17,2592.35953
1976,3,4,17,646.55402
1977,3,4,17,742.67954
1978,3,4,17,862.3147
1979,3,4,17,1215.21307
1980,3,4,17,40.50153
1981,3,4,17,74.71824
1982,3,4,17,47
1983,3,4,17,152.31146
1984,3,4,17,83.53756
1985,3,4,17,14.78933
1986,3,4,17,192.00501
1987,3,4,17,121.14207
1988,3,4,17,111.16462
1989,3,4,17,60.21416
1990,3,4,17,169.67385
1991,3,4,17,18.47997
1992,3,4,17,117.98035
1993,3,4,17,122.79533
1994,3,4,17,145.625906273926
1995,3,4,17,117.674812740077
1996,3,4,17,214.186260623229
1997,3,4,17,183.372270658901
1998,3,4,17,47.0318550636132
1999,3,4,17,59.08688
2000,3,4,17,400.90864
2001,3,4,17,173.79364222208
2002,3,4,17,302.564654599842
2003,3,4,17,86.05815
2004,3,4,17,112.20458
2005,3,4,17,22.2737
2006,3,4,17,13.4402
2007,3,4,17,100.221
2008,3,4,17,188.98741
2009,3,4,17,198.18409
2010,3,4,17,93.25137
2011,3,4,17,33.4784
2012,3,4,17,32.58622
2013,3,4,17,10.727
2014,3,4,17,19.32583
2015,3,4,17,46.72871
2016,3,4,17,39.64417
1950,4,4,17,112.9575
1951,4,4,17,447.585
1952,4,4,17,250.9225
1953,4,4,17,550.6
1954,4,4,17,78.0575
1955,4,4,17,480.26
1956,4,4,17,13.855
1957,4,4,17,251.115
1958,4,4,17,634.75
1959,4,4,17,871.45875
1960,4,4,17,571.5
1961,4,4,17,748.5
1962,4,4,17,407
1963,4,4,17,398
1964,4,4,17,515.44741
1965,4,4,17,294.58384
1966,4,4,17,521.22393
1967,4,4,17,597.36401
1968,4,4,17,206.90849
1969,4,4,17,271.79857
1970,4,4,17,326.14213
1971,4,4,17,283.98262
1972,4,4,17,329.81737
1973,4,4,17,793.60425
1974,4,4,17,355.38106
1975,4,4,17,646.08123
1976,4,4,17,37.32771
1977,4,4,17,114.4255
1978,4,4,17,77.08843
1979,4,4,17,261.0299
1980,4,4,17,286.76614
1981,4,4,17,242.44702
1982,4,4,17,4.92572
1983,4,4,17,193.99233
1984,4,4,17,59.3827
1985,4,4,17,69.15779
1986,4,4,17,39.59188
1987,4,4,17,70.86194
1988,4,4,17,61.45213
1989,4,4,17,93.4665
1990,4,4,17,70.52336
1991,4,4,17,14.69483
1992,4,4,17,133.52659
1993,4,4,17,63.24782
1994,4,4,17,991.190115950659
1995,4,4,17,255.561549295775
1996,4,4,17,224.160764872521
1997,4,4,17,394.364855114671
1998,4,4,17,17.0559661577608
1999,4,4,17,50.93617
2000,4,4,17,432.37823
2001,4,4,17,131.008188365456
2002,4,4,17,175.143592786629
2003,4,4,17,244.504978902954
2004,4,4,17,1.26589
2006,4,4,17,33.978
2007,4,4,17,6.58385
2008,4,4,17,45.24059
2009,4,4,17,63.34582
2010,4,4,17,20.2667
2011,4,4,17,15.0656
2012,4,4,17,13.82794
2013,4,4,17,17.427
2014,4,4,17,20.05539
2015,4,4,17,9.12716
2016,4,4,17,62.92826
1950,3,5,17,94
1951,3,5,17,222
1952,3,5,17,316
1953,3,5,17,52
1954,3,5,17,95
1955,3,5,17,94
1956,3,5,17,12
1957,3,5,17,96
1958,3,5,17,6
1959,3,5,17,34
1960,3,5,17,42
1961,3,5,17,13
1962,3,5,17,15
1970,3,5,17,4
1971,3,5,17,3
1975,3,5,17,2
1976,3,5,17,8
1977,3,5,17,2
1978,3,5,17,2
1981,3,5,17,0.36868
1983,3,5,17,1
1991,3,5,17,1
2009,3,5,17,0.862
2010,3,5,17,0.311
2011,3,5,17,2.77381
2012,3,5,17,2.84502
2013,3,5,17,1.293
2014,3,5,17,8.17954
2016,3,5,17,2.03
1998,4,5,17,1
1971,1,6,17,25
1972,1,6,17,25
1973,1,6,17,2.75
1974,1,6,17,0.75
1976,1,6,17,0.75
1984,1,6,17,9
1985,1,6,17,27.5
1986,1,6,17,19
1988,1,6,17,61.25
1989,1,6,17,13.25
1990,1,6,17,35.75
1991,1,6,17,29.25
1992,1,6,17,130.5
1993,1,6,17,233.75
1994,1,6,17,67.5
1995,1,6,17,136
1996,1,6,17,63.25
1997,1,6,17,33.75
1998,1,6,17,82.75
1999,1,6,17,79.5
2000,1,6,17,114.6
2001,1,6,17,132
2002,1,6,17,151.25
2003,1,6,17,129.525
2004,1,6,17,128.5
2005,1,6,17,187.3059
2006,1,6,17,288.0736
2007,1,6,17,125.22375
2008,1,6,17,0.3
2011,1,6,17,0.12472
2012,1,6,17,0.26407
2013,1,6,17,1.12583
2014,1,6,17,1.9975
2015,1,6,17,55.7535
2016,1,6,17,8.35263
1950,2,6,17,1047.722
1951,2,6,17,1502.11
1952,2,6,17,2418.282
1953,2,6,17,1115.262
1954,2,6,17,1562.598
1955,2,6,17,2222.316
1956,2,6,17,1034.208
1957,2,6,17,1934.01
1958,2,6,17,616.626
1959,2,6,17,1794.474
1960,2,6,17,493.506
1961,2,6,17,441.18
1962,2,6,17,354.996
1963,2,6,17,3.078
1964,2,6,17,44.118
1965,2,6,17,23.4441
1966,2,6,17,2
1967,2,6,17,15
1968,2,6,17,8
1969,2,6,17,1
1970,2,6,17,15
1971,2,6,17,28
1972,2,6,17,32
1973,2,6,17,7.75
1974,2,6,17,1.75
1975,2,6,17,2
1976,2,6,17,1.75
1977,2,6,17,3
1978,2,6,17,1.348
1979,2,6,17,2
1980,2,6,17,2
1981,2,6,17,3
1982,2,6,17,0.37
1983,2,6,17,0.13
1984,2,6,17,9
1985,2,6,17,64.5
1986,2,6,17,19
1988,2,6,17,62.25
1989,2,6,17,18.41722
1990,2,6,17,35.88
1991,2,6,17,29.25
1992,2,6,17,130.5
1993,2,6,17,270.75
1994,2,6,17,67.5
1995,2,6,17,136
1996,2,6,17,63.25
1997,2,6,17,33.75
1998,2,6,17,83.75
1999,2,6,17,79.5
2000,2,6,17,112.6
2001,2,6,17,131.37
2002,2,6,17,151.25
2003,2,6,17,129.525
2004,2,6,17,128.5
2005,2,6,17,187.3059
2006,2,6,17,288.0736
2007,2,6,17,125.22375
2008,2,6,17,1.28672
2012,2,6,17,0.15864
2013,2,6,17,1.12583
2014,2,6,17,1.9975
2015,2,6,17,55.7535
2016,2,6,17,3.31157
1971,3,6,17,25
1972,3,6,17,25
1973,3,6,17,2.75
1974,3,6,17,0.75
1976,3,6,17,0.75
1981,3,6,17,0.63132
1984,3,6,17,9
1985,3,6,17,27.5
1986,3,6,17,19
1988,3,6,17,61.25
1989,3,6,17,86.97857
1990,3,6,17,35.75
1991,3,6,17,29.25
1992,3,6,17,130.5
1993,3,6,17,233.75
1994,3,6,17,67.5
1995,3,6,17,137
1996,3,6,17,63.396
1997,3,6,17,34.091
1998,3,6,17,102.75
1999,3,6,17,79.5
2000,3,6,17,121
2001,3,6,17,134.77
2002,3,6,17,165.25
2003,3,6,17,132.795
2004,3,6,17,129.976
2005,3,6,17,187.6859
2006,3,6,17,288.8316
2007,3,6,17,126.49875
2008,3,6,17,184.30999
2009,3,6,17,302.33188
2010,3,6,17,85.40035
2011,3,6,17,46.0178
2012,3,6,17,57.59475
2013,3,6,17,147.08805
2014,3,6,17,211.74548
2015,3,6,17,65.2565
2016,3,6,17,223.54681
1971,4,6,17,25
1972,4,6,17,25
1973,4,6,17,2.75
1974,4,6,17,0.75
1976,4,6,17,0.75
1984,4,6,17,9
1985,4,6,17,27.5
1986,4,6,17,19
1988,4,6,17,61.25
1989,4,6,17,35.35422
1990,4,6,17,35.75
1991,4,6,17,29.25
1992,4,6,17,130.5
1993,4,6,17,233.75
1994,4,6,17,67.5
1995,4,6,17,136
1996,4,6,17,63.25
1997,4,6,17,33.75
1998,4,6,17,82.75
1999,4,6,17,132.627
2000,4,6,17,125.02
2001,4,6,17,133.43
2002,4,6,17,152.25
2003,4,6,17,129.525
2004,4,6,17,128.5
2005,4,6,17,187.8759
2006,4,6,17,289.6386
2007,4,6,17,125.22375
2008,4,6,17,0.55329
2009,4,6,17,2.50662
2010,4,6,17,61.27045
2011,4,6,17,18.14988
2012,4,6,17,15.38117
2013,4,6,17,16.23461
2014,4,6,17,12.76143
2015,4,6,17,60.4835
2016,4,6,17,23.81231
1950,1,7,17,251.75
1951,1,7,17,329
1952,1,7,17,366.5
1953,1,7,17,449.75
1954,1,7,17,374.992
1955,1,7,17,522.2954
1956,1,7,17,343.5994
1957,1,7,17,505.1956
1958,1,7,17,383.2486
1959,1,7,17,421.7344
1960,1,7,17,425.2
1961,1,7,17,524.75
1962,1,7,17,380.7625
1963,1,7,17,528.525
1964,1,7,17,414.4875
1965,1,7,17,326.825
1966,1,7,17,175
1967,1,7,17,547
1968,1,7,17,227.5
1969,1,7,17,223.25
1970,1,7,17,89.5125
1971,1,7,17,55.975
1972,1,7,17,43.3
1973,1,7,17,55.6
1974,1,7,17,45.29
1975,1,7,17,55.73323
1976,1,7,17,84.658
1977,1,7,17,87.88626
1978,1,7,17,67.74646
1979,1,7,17,94.47314
1980,1,7,17,168.1305
1981,1,7,17,240.40466
1982,1,7,17,142.11676
1983,1,7,17,93.11414
1984,1,7,17,602.57755
1985,1,7,17,488.87788
1986,1,7,17,199.2287
1987,1,7,17,178.92709
1988,1,7,17,236.80121
1989,1,7,17,198.73261
1990,1,7,17,356.25947
1991,1,7,17,203.74019
1992,1,7,17,214.57328
1993,1,7,17,233.95036
1994,1,7,17,468.31415
1995,1,7,17,717.09948
1996,1,7,17,381.08834
1997,1,7,17,404.07584
1998,1,7,17,246.87844
1999,1,7,17,139.00722
2000,1,7,17,695.66372
2001,1,7,17,333.82003
2002,1,7,17,195.56543
2003,1,7,17,205.39745
2004,1,7,17,233.40798
2005,1,7,17,74.44332
2006,1,7,17,72.95825
2007,1,7,17,48.21986
2008,1,7,17,32.0075
2009,1,7,17,26.83692
2010,1,7,17,96.24
2011,1,7,17,47.04788
2012,1,7,17,30.50618
2013,1,7,17,30.74534
2014,1,7,17,103.73187
2015,1,7,17,116.11203
2016,1,7,17,13.48753
1950,2,7,17,2637.74772
1951,2,7,17,2807.37462
1952,2,7,17,1858.75748
1953,2,7,17,2874.00307
1954,2,7,17,2259.10472
1955,2,7,17,2622.72415
1956,2,7,17,1751.5994
1957,2,7,17,2444.91256
1958,2,7,17,2390.24865
1959,2,7,17,2024.83661
1960,2,7,17,2198.16561
1961,2,7,17,2130.46954
1962,2,7,17,1996.90915
1963,2,7,17,1449.6839
1964,2,7,17,1816.4875
1965,2,7,17,1859.825
1966,2,7,17,1414.49441
1967,2,7,17,2378.96075
1968,2,7,17,2138.385
1969,2,7,17,2107.89352
1970,2,7,17,1061.22005
1971,2,7,17,1781.0601
1972,2,7,17,1201.12
1973,2,7,17,754.455
1974,2,7,17,1701.3338
1975,2,7,17,1245.86141
1976,2,7,17,1213.73506
1977,2,7,17,1089.0181
1978,2,7,17,809.98909
1979,2,7,17,721.01569
1980,2,7,17,556.01883
1981,2,7,17,722.78971
1982,2,7,17,972.65072
1983,2,7,17,1003.63171
1984,2,7,17,1825.16287
1985,2,7,17,1124.78215
1986,2,7,17,935.47643
1987,2,7,17,1049.55245
1988,2,7,17,1579.01998
1989,2,7,17,1197.88007
1990,2,7,17,1184.88892
1991,2,7,17,840.63407
1992,2,7,17,851.6858
1993,2,7,17,883.89892
1994,2,7,17,1281.77767
1995,2,7,17,1896.85691
1996,2,7,17,1237.56568
1997,2,7,17,908.80727
1998,2,7,17,949.67164
1999,2,7,17,1135.73486
2000,2,7,17,879.10665
2001,2,7,17,1069.64853
2002,2,7,17,1077.7892
2003,2,7,17,795.36561
2004,2,7,17,765.14527
2005,2,7,17,573.46618
2006,2,7,17,364.54898
2007,2,7,17,141.72664
2008,2,7,17,188.50687
2009,2,7,17,157.90079
2010,2,7,17,511.64701
2011,2,7,17,283.11396
2012,2,7,17,156.08494
2013,2,7,17,160.94245
2014,2,7,17,142.33779
2015,2,7,17,116.19368
2016,2,7,17,13.57381
1950,3,7,17,1916.50418
1951,3,7,17,2078.31548
1952,3,7,17,1388.63242
1953,3,7,17,2352.39703
1954,3,7,17,1882.09828
1955,3,7,17,1990.83415
1956,3,7,17,1751.5994
1957,3,7,17,2422.47854
1958,3,7,17,2390.24865
1959,3,7,17,1892.51979
1960,3,7,17,1813.99439
1961,3,7,17,1762.10046
1962,3,7,17,1592.90915
1963,3,7,17,1194.3661
1964,3,7,17,1440.4875
1965,3,7,17,1258.825
1966,3,7,17,1111.11319
1967,3,7,17,1996.81435
1968,3,7,17,1901.125
1969,3,7,17,1961.40528
1970,3,7,17,815.95875
1971,3,7,17,355.975
1972,3,7,17,267.8
1973,3,7,17,293.1
1974,3,7,17,779.79
1975,3,7,17,447.73592
1976,3,7,17,490.51094
1977,3,7,17,286.4746
1978,3,7,17,428.19307
1979,3,7,17,309.24835
1980,3,7,17,342.55724
1981,3,7,17,398.15279
1982,3,7,17,644.38717
1983,3,7,17,620.30639
1984,3,7,17,1379.90133
1985,3,7,17,992.68409
1986,3,7,17,728.82372
1987,3,7,17,648.79453
1988,3,7,17,685.65181
1989,3,7,17,1190.64048
1990,3,7,17,662.05209
1991,3,7,17,513.92145
1992,3,7,17,719.54611
1993,3,7,17,654.3814
1994,3,7,17,1191.87423
1995,3,7,17,1249.39689
1996,3,7,17,1112.21706
1997,3,7,17,1097.96938
1998,3,7,17,841.487
1999,3,7,17,1080.32515
2000,3,7,17,1206.2332
2001,3,7,17,758.11093
2002,3,7,17,490.76655
2003,3,7,17,366.87695
2004,3,7,17,373.35365
2005,3,7,17,185.12773
2006,3,7,17,184.13032
2007,3,7,17,55.86254
2008,3,7,17,24.99852
2009,3,7,17,120.97438
2010,3,7,17,74.05837
2011,3,7,17,170.58534
2012,3,7,17,135.69327
2013,3,7,17,273.24333
2014,3,7,17,282.19668
2015,3,7,17,237.51536
2016,3,7,17,214.77021
1950,4,7,17,251.75
1951,4,7,17,329
1952,4,7,17,366.5
1953,4,7,17,449.75
1954,4,7,17,374.992
1955,4,7,17,522.2954
1956,4,7,17,343.5994
1957,4,7,17,505.1956
1958,4,7,17,383.2486
1959,4,7,17,421.7344
1960,4,7,17,425.2
1961,4,7,17,524.75
1962,4,7,17,380.7625
1963,4,7,17,528.525
1964,4,7,17,414.4875
1965,4,7,17,326.825
1966,4,7,17,175
1967,4,7,17,547
1968,4,7,17,227.5
1969,4,7,17,223.25
1970,4,7,17,89.5125
1971,4,7,17,55.975
1972,4,7,17,43.3
1973,4,7,17,55.6
1974,4,7,17,45.29
1975,4,7,17,67.21574
1976,4,7,17,84.658
1977,4,7,17,160.06204
1978,4,7,17,126.79938
1979,4,7,17,106.77582
1980,4,7,17,195.19643
1981,4,7,17,241.22484
1982,4,7,17,188.74735
1983,4,7,17,420.99476
1984,4,7,17,613.18094
1985,4,7,17,492.2235
1986,4,7,17,420.89243
1987,4,7,17,562.36601
1988,4,7,17,351.98433
1989,4,7,17,285.77115
1990,4,7,17,518.69953
1991,4,7,17,489.42329
1992,4,7,17,706.76481
1993,4,7,17,554.90332
1994,4,7,17,1128.60597
1995,4,7,17,1262.87772
1996,4,7,17,775.42792
1997,4,7,17,764.31151
1998,4,7,17,383.05193
1999,4,7,17,230.36379
2000,4,7,17,457.32341
2001,4,7,17,257.21155
2002,4,7,17,610.89183
2003,4,7,17,463.47632
2004,4,7,17,319.90607
2005,4,7,17,77.54175
2006,4,7,17,79.35825
2007,4,7,17,49.61004
2008,4,7,17,52.10513
2009,4,7,17,36.00244
2010,4,7,17,49.16448
2011,4,7,17,21.18931
2012,4,7,17,7.78045
2013,4,7,17,28.19102
2014,4,7,17,31.08062
2015,4,7,17,110.95184
2016,4,7,17,78.13712
1950,2,2,15,9.10193455529107
1950,3,2,15,27.2366911681318
1950,4,2,15,1.66137427657708
1951,4,2,15,0.043720375699397
1951,3,2,15,0.716755030740312
1951,2,2,15,0.239524593560291
1953,2,2,15,1.19762296780146
1953,3,2,15,3.58377515370156
1953,4,2,15,0.218601878496985
1954,4,2,15,0.56836488409216
1954,3,2,15,9.31781539962405
1954,2,2,15,3.11381971628379
1955,4,2,15,0.174881502797588
1955,3,2,15,2.86702012296125
1955,2,2,15,0.958098374241166
1956,3,2,15,1.43351006148062
1956,4,2,15,0.0874407513987939
1956,2,2,15,0.479049187120583
1957,4,2,15,0.655805635490954
1957,3,2,15,10.7513254611047
1957,2,2,15,3.59286890340437
1958,4,2,15,0.131161127098191
1958,3,2,15,2.15026509222093
1958,2,2,15,0.718573780680874
1959,4,2,15,0.306042629895779
1959,3,2,15,5.01728521518218
1959,2,2,15,1.67667215492204
1960,4,2,15,0.392227048659533
1960,2,2,15,2.14883845142307
1960,3,2,15,6.43019886773349
1961,4,2,15,0.980567621648831
1961,3,2,15,16.0754971693337
1961,2,2,15,5.37209612855769
1962,4,2,15,5.55654985601004
1962,3,2,15,91.0944839595577
1962,2,2,15,30.4418780618269
1963,2,2,15,95.9814508302306
1963,3,2,15,287.215549425429
1963,4,2,15,17.5194748401258
1964,4,2,15,8.20408243446189
1964,3,2,15,134.498326316759
1964,2,2,15,44.9465376089326
1965,4,2,15,15.8198242959345
1965,3,2,15,259.351354331917
1965,2,2,15,86.6698175407306
1966,2,2,15,323.6687917456
1966,3,2,15,968.548704452356
1966,4,2,15,59.0791992043421
1967,4,2,15,4.69038179022024
1967,3,2,15,76.8944614599796
1967,2,2,15,25.6965264816009
1968,4,2,15,7.17448643173062
1968,3,2,15,117.619054288958
1968,2,2,15,39.3058366739471
1969,3,2,15,80.9933184736552
1969,4,2,15,4.94040245403186
1969,2,2,15,27.0662790723129
1970,4,2,15,2.49206141486563
1970,3,2,15,40.8550367521978
1970,2,2,15,13.6529018329366
1971,4,2,15,5.37760621102583
1971,3,2,15,88.1608687810583
1971,2,2,15,29.4615250079158
1972,4,2,15,4.85296170263306
1972,3,2,15,79.5598084121746
1972,2,2,15,26.5872298851923
1973,4,2,15,1.35533164668131
1973,2,2,15,7.42526240036903
1973,3,2,15,22.2194059529497
1974,4,2,15,103.223807026276
1974,3,2,15,1692.25862757788
1974,2,2,15,565.517565395848
1975,4,2,15,5.33388583532643
1975,3,2,15,87.444113750318
1975,2,2,15,29.2220004143555
1976,2,2,15,6.70668861968816
1976,3,2,15,20.0691408607287
1976,4,2,15,1.22417051958311
1977,4,2,15,2.62322254196382
1977,3,2,15,43.0053018444187
1977,2,2,15,14.3714756136175
1978,4,2,15,2.22973916066924
1978,3,2,15,36.5545065677559
1978,2,2,15,12.2157542715749
1979,2,2,15,22.7548363882277
1979,3,2,15,68.0917279203296
1979,4,2,15,4.15343569144271
1980,4,2,15,3.49355367833393
1980,3,2,15,57.2735740269886
1980,2,2,15,19.1396348155246
1981,4,2,15,3.08850397649811
1981,3,2,15,50.6331596470479
1981,2,2,15,16.9205467209711
1982,3,2,15,63.9139884069293
1982,4,2,15,3.89860338016975
1982,2,2,15,21.3587229100782
1983,4,2,15,5.12641028885957
1983,3,2,15,84.0427444961245
1983,2,2,15,28.0853336966938
1984,4,2,15,5.06312127294772
1984,3,2,15,83.0051797492588
1984,2,2,15,27.7386011819198
1985,4,2,15,5.88587847980173
1985,3,2,15,96.4935214585133
1985,2,2,15,32.2461238739817
1986,4,2,15,4.12644383745239
1986,2,2,15,22.6069599632646
1986,3,2,15,67.6492214956459
1987,4,2,15,6.80989811211469
1987,3,2,15,111.641966762753
1987,2,2,15,37.3084185896821
1988,4,2,15,5.46817097478354
1988,3,2,15,89.6455941291995
1988,2,2,15,29.9576892764733
1989,2,2,15,38.6260021458233
1989,3,2,15,115.584712800843
1989,4,2,15,7.0503963725797
1990,2,2,15,178.221345822036
1990,3,2,15,229.611042642347
1990,4,2,15,68.1676115356175
1991,2,2,15,12.9577973015375
1991,3,2,15,438.367587072482
1991,4,2,15,31.6746156259805
1992,2,2,15,88.7142857142857
1992,3,2,15,27.2857142857143
1993,2,2,15,6.24324324324324
1993,3,2,15,196.216216216216
1993,4,2,15,6.54054054054054
1994,2,2,15,9.81666666666667
1994,3,2,15,81.8916666666667
1994,4,2,15,1.29166666666667
1995,2,2,15,35.2818371607516
1995,3,2,15,222.546972860125
1995,4,2,15,2.17118997912317
1996,2,2,15,35.8460158406516
1996,3,2,15,311.334383318766
1996,4,2,15,7.81960084058212
1997,2,2,15,5.78947368421053
1997,3,2,15,165.935222672065
1997,4,2,15,4.2753036437247
1998,2,2,15,21.5383512544803
1998,3,2,15,137.559856630824
1998,4,2,15,6.90179211469534
1999,2,2,15,3.14024390243902
1999,3,2,15,97.6615853658537
1999,4,2,15,2.19817073170732
2000,2,2,15,7.31113801452784
2000,3,2,15,34.3983050847458
2000,4,2,15,7.79055690072639
2001,2,2,15,7.02023121387283
2001,3,2,15,234.709730250482
2001,4,2,15,1.17003853564547
2002,2,2,15,74.927600554785
2002,3,2,15,430.353398058252
2002,4,2,15,14.1690013869626
2003,2,2,15,38.3400204848071
2003,3,2,15,260.325517241379
2003,4,2,15,15.8944622738136
2004,2,2,15,43.6896367495452
2004,3,2,15,257.100545027289
2004,4,2,15,28.1788182231656
2005,2,2,15,40.074662282144
2005,3,2,15,118.6553607366
2005,4,2,15,11.6339769812562
2006,2,2,15,23.4039208991322
2006,3,2,15,122.803073410158
2006,4,2,15,11.9720056907099
2007,2,2,15,14.0402465753425
2007,3,2,15,373.236554794521
2007,4,2,15,11.310198630137
2008,2,2,15,111.837312977099
2008,3,2,15,240.342687022901
2009,2,2,15,14.3378251622276
2009,3,2,15,117.708919476998
2009,4,2,15,11.2158793607748
2010,2,2,15,29.2974644149578
2010,3,2,15,78.2161664656212
2010,4,2,15,3.89736911942099
2011,2,2,15,86.5574802258544
2011,3,2,15,75.9954067459138
2011,4,2,15,10.8196850282318
2012,2,2,15,29.0603759398496
2012,3,2,15,99.7553289473684
2012,4,2,15,19.839295112782
2013,2,2,15,3.39832572210526
2013,3,2,15,110.68832352
2013,4,2,15,1.21368775789474
2014,2,2,15,3.97289096909747
2014,3,2,15,88.1259451327076
2014,4,2,15,7.94578193819495
2015,2,2,15,31.654490594028
2015,3,2,15,131.395998692192
2015,4,2,15,9.55607263215939
2016,2,2,15,9.11034587840155
2016,3,2,15,174.783672778222
2016,4,2,15,31.7175004655461
1950,2,2,16,45.5096727764554
1950,3,2,16,136.183455840659
1950,4,2,16,8.30687138288542
1951,4,2,16,8.96267701837638
1951,3,2,16,146.934781301764
1951,2,2,16,49.1025416798597
1952,4,2,16,5.20272470822824
1952,3,2,16,85.2938486580971
1952,2,2,16,28.5034266336747
1953,2,2,16,26.5872298851923
1953,3,2,16,79.5598084121746
1953,4,2,16,4.85296170263306
1954,4,2,16,2.14229840927045
1954,3,2,16,35.1209965062753
1954,2,2,16,11.7367050844543
1955,4,2,16,1.09300939248492
1955,3,2,16,17.9188757685078
1955,2,2,16,5.98811483900728
1956,3,2,16,17.2021207377675
1956,4,2,16,1.04928901678553
1956,2,2,16,5.74859024544699
1957,4,2,16,1.4864927737795
1957,3,2,16,24.3696710451706
1957,2,2,16,8.14383618104991
1958,4,2,16,3.80367268584754
1958,3,2,16,62.3576876744071
1958,2,2,16,20.8386396397453
1959,4,2,16,4.54691907273728
1959,3,2,16,74.5425231969924
1959,2,2,16,24.9105577302703
1960,4,2,16,7.21511832303554
1960,2,2,16,39.5284408280676
1960,3,2,16,118.285176481081
1961,4,2,16,5.35888685476373
1961,3,2,16,87.8539822880115
1961,2,2,16,29.3589699376846
1962,4,2,16,12.6311264349391
1962,3,2,16,207.075608828412
1962,2,2,16,69.2003528592543
1963,2,2,16,171.567520176615
1963,3,2,16,513.399819911499
1963,4,2,16,31.3161848161006
1964,4,2,16,15.0988778133167
1964,3,2,16,247.532105067827
1964,2,2,16,82.7200707587027
1965,4,2,16,29.2121626744444
1965,3,2,16,478.906327330604
1965,2,2,16,160.040513826369
1966,2,2,16,554.667892839988
1966,3,2,16,1659.79199327237
1966,4,2,16,101.243418485347
1967,4,2,16,11.1801145886609
1967,3,2,16,183.287614698754
1967,2,2,16,61.2509009807848
1968,4,2,16,15.472668180557
1968,3,2,16,253.660051634523
1968,2,2,16,84.7679027902839
1969,3,2,16,564.086209192625
1969,4,2,16,34.4079356754254
1969,2,2,16,188.505855131949
1970,4,2,16,22.690874987987
1970,3,2,16,371.995860954222
1970,2,2,16,124.313264057791
1971,4,2,16,48.7482189048276
1971,3,2,16,799.181859275448
1971,2,2,16,267.069921819725
1972,4,2,16,53.2514176018655
1972,3,2,16,873.0076274417
1972,2,2,16,291.740954956435
1973,4,2,16,27.6312774420189
1973,2,2,16,151.379543130104
1973,3,2,16,452.989179427877
1974,4,2,16,17.4444299040594
1974,3,2,16,285.985257265384
1974,2,2,16,95.5703128305563
1975,4,2,16,30.3419407353815
1975,3,2,16,497.427991333776
1975,2,2,16,166.230067930842
1976,2,2,16,136.768542922926
1976,3,2,16,409.267122552718
1976,4,2,16,24.9643345243557
1977,4,2,16,29.2489313428966
1977,3,2,16,479.509115565268
1977,2,2,16,160.241953091835
1978,4,2,16,35.1074616866158
1978,3,2,16,575.55428968447
1978,2,2,16,192.338248628914
1979,2,2,16,189.22442891263
1979,3,2,16,566.236474284846
1979,4,2,16,34.5390968025236
1980,4,2,16,28.7283632121216
1980,3,2,16,470.974883628621
1980,2,2,16,157.38999063841
1981,4,2,16,24.9799772225147
1981,3,2,16,409.523570088232
1981,2,2,16,136.854242344736
1982,3,2,16,326.717503346541
1982,4,2,16,19.9290013760016
1982,2,2,16,109.182180580281
1983,4,2,16,34.0470463378001
1983,3,2,16,558.169763047195
1983,2,2,16,186.528702133327
1984,4,2,16,29.5634162809747
1984,3,2,16,484.664804597068
1984,2,2,16,161.964876917831
1985,4,2,16,34.1182652851465
1985,3,2,16,559.337331668872
1985,2,2,16,186.918879233685
1986,4,2,16,23.9945018123997
1986,2,2,16,131.455258614715
1986,3,2,16,393.367614276523
1987,4,2,16,30.190655842285
1987,3,2,16,494.947815752773
1987,2,2,16,165.401244940393
1988,4,2,16,27.2346700483654
1988,3,2,16,446.487168864554
1988,2,2,16,149.206706706625
1989,2,2,16,194.43142738834
1989,3,2,16,581.81793210948
1989,4,2,16,35.4895291829335
1990,2,2,16,230.63938871087
1990,3,2,16,297.143702243037
1990,4,2,16,88.2169090460932
1991,2,2,16,18.3770003137747
1991,3,2,16,621.701443363665
1991,4,2,16,44.9215563225604
1992,2,2,16,407.244458128079
1992,3,2,16,125.255541871921
1993,2,2,16,19.2375533428165
1993,3,2,16,604.608819345661
1993,4,2,16,20.153627311522
1994,2,2,16,70.4235
1994,3,2,16,587.48025
1994,4,2,16,9.26625
1995,2,2,16,98.9248434237996
1995,3,2,16,623.987473903967
1995,4,2,16,6.08768267223382
1996,2,2,16,62.7052840480132
1996,3,2,16,544.615921242123
1996,4,2,16,13.6787947098634
1997,2,2,16,28.6940789473684
1997,3,2,16,822.416447368421
1997,4,2,16,21.1894736842105
1998,2,2,16,100.425806451613
1998,3,2,16,641.393548387097
1998,4,2,16,32.1806451612903
1999,2,2,16,24.0432926829268
1999,3,2,16,747.746402439024
1999,4,2,16,16.8303048780488
2000,2,2,16,121.305811138015
2000,3,2,16,570.733898305085
2000,4,2,16,129.260290556901
2001,2,2,16,32.1647398843931
2001,3,2,16,1075.37447013487
2001,4,2,16,5.36078998073218
2002,2,2,16,153.354563106796
2002,3,2,16,880.80569579288
2002,4,2,16,28.9997411003236
2003,2,2,16,93.149088426084
2003,3,2,16,632.474482758621
2003,4,2,16,38.6164288152953
2004,2,2,16,57.1102595512432
2004,3,2,16,336.076926925409
2004,4,2,16,36.8348135233475
2005,2,2,16,67.7960048229749
2005,3,2,16,200.73430318974
2005,4,2,16,19.6816919872849
2006,2,2,16,36.7585033432921
2006,3,2,16,192.876108408024
2006,4,2,16,18.803388248684
2007,2,2,16,9.08408219178082
2007,3,2,16,241.485184931507
2007,4,2,16,7.31773287671233
2008,2,2,16,106.951902021374
2008,3,2,16,229.843750978626
2009,2,2,16,78.3505867570621
2009,3,2,16,643.233042892655
2009,4,2,16,61.2903783502825
2010,2,2,16,158.425665026463
2010,3,2,16,422.952922226613
2010,4,2,16,21.074973787924
2011,2,2,16,244.600011887073
2011,3,2,16,214.752986627043
2011,4,2,16,30.5750014858841
2012,2,2,16,92.5058496240601
2012,3,2,16,317.544118421053
2012,4,2,16,63.1530319548872
2013,2,2,16,8.69517894736842
2013,3,2,16,283.2144
2013,4,2,16,3.10542105263158
2014,2,2,16,17.7109530685921
2014,3,2,16,392.861140794224
2014,4,2,16,35.4219061371841
2015,2,2,16,109.82701704611
2015,3,2,16,455.885731134798
2015,4,2,16,33.1553259007126
2016,2,2,16,29.819375192021
2016,3,2,16,572.09023516544
2016,4,2,16,103.815602520369
1950,3,2,14,349.288177708922
1951,3,2,14,208.918682370832
1952,3,2,14,292.619019793169
1953,3,2,14,168.194592718399
1954,3,2,14,123.562093108879
1955,3,2,14,121.106516658429
1956,3,2,14,36.1405853978333
1957,3,2,14,42.0076920988122
1958,3,2,14,37.0785305897933
1959,3,2,14,77.2607397887316
1960,3,2,14,0.0630093550576214
1961,3,2,14,0.516676711472495
1962,3,2,14,0.504074840460971
1963,3,2,14,1.13416839103718
1964,3,2,14,1.2475852301409
1965,3,2,14,1.18457587508328
1966,3,2,14,1.39880768227919
1967,3,2,14,0.705704776645359
1968,3,2,14,2.26833678207437
1969,3,2,14,2.14231807195913
1970,3,2,14,1.90288252274016
1971,3,2,14,1.10896464901414
1972,3,2,14,2.36915175016656
1973,3,2,14,3.0118471717543
1974,3,2,14,5.15416524371343
1982,3,2,14,208.727599218455
1983,3,2,14,279.650085480456
1984,3,2,14,193.240893540167
1985,3,2,14,90.0526573365699
1986,3,2,14,29.405948131196
1987,3,2,14,23.9824917098063
1988,3,2,14,200.541344076258
1989,3,2,14,429.827257279731
1999,3,2,14,286.672920116089
1950,4,2,14,8.65696261694197
1951,4,2,14,5.16507853615865
1952,4,2,14,7.25050930662646
1953,4,2,14,4.17086154093563
1954,4,2,14,3.0553985706854
1955,4,2,14,3.00690018067452
1956,4,2,14,0.897220215201268
1957,4,2,14,1.04271538523391
1958,4,2,14,0.921469410206708
1959,4,2,14,1.91568640542973
1982,4,2,14,41.1136864634151
1983,4,2,14,47.1410088575132
1984,4,2,14,30.8989626378288
1985,4,2,14,14.4179208238803
1986,4,2,14,4.76640648062709
1987,4,2,14,3.86531131710748
1988,4,2,14,32.274199650067
1989,4,2,14,68.651246117095
1999,4,2,14,69.1723862163957
1950,3,3,14,61.6864295726203
1951,3,3,14,70.7337725766046
1952,3,3,14,56.7515152068107
1953,3,3,14,23.8520861014132
1954,3,3,14,40.3018006541119
1955,3,3,14,7.40237154871444
1956,3,3,14,2.46745718290481
1957,3,3,14,3.28994291053975
1959,3,3,14,11.5148001868891
1960,3,3,14,4.11242863817469
1961,3,3,14,33.7219148330324
1962,3,3,14,32.8994291053975
1963,3,3,14,74.0237154871443
1964,3,3,14,81.4260870358588
1965,3,3,14,77.3136583976841
1966,3,3,14,91.295915767478
1967,3,3,14,46.0592007475565
1968,3,3,14,148.047430974289
1969,3,3,14,139.822573697939
1970,3,3,14,124.195344872876
1971,3,3,14,72.3787440318745
1972,3,3,14,154.627316795368
1973,3,3,14,196.57408890475
1974,3,3,14,336.396662602689
1982,3,3,14,127.095916366101
1983,3,3,14,64.7733345773945
1984,3,3,14,22.4960128154037
1985,3,3,14,10.7307735461984
1986,3,3,14,4.27921923880933
1987,3,3,14,3.19763473354183
1988,3,3,14,26.1076915365556
1989,3,3,14,49.0077232868335
1999,3,3,14,112.029815412437
1950,4,3,14,12.3684301015154
1951,4,3,14,14.1824665164043
1952,4,3,14,11.3789556933942
1953,4,3,14,4.78245963925262
1954,4,3,14,8.08070766632339
1955,4,3,14,1.48421161218185
1956,4,3,14,0.494737204060616
1957,4,3,14,0.659649605414154
1959,4,3,14,2.30877361894954
1960,4,3,14,0.824562006767693
1961,4,3,14,6.76140845549508
1962,4,3,14,6.59649605414154
1963,4,3,14,14.8421161218185
1964,4,3,14,16.3263277340003
1965,4,3,14,15.5017657272326
1966,4,3,14,18.3052765502428
1967,4,3,14,9.23509447579816
1968,4,3,14,29.6842322436369
1969,4,3,14,28.0351082301015
1970,4,3,14,24.9017726043843
1971,4,3,14,14.5122913191114
1972,4,3,14,31.0035314544652
1973,4,3,14,39.4140639234957
1974,4,3,14,67.4491721535973
1982,4,3,14,59.062797952029
1983,4,3,14,34.4355710846366
1984,4,3,14,14.3641310066007
1985,4,3,14,6.79864829335142
1986,4,3,14,2.54842614936763
1987,4,3,14,1.95456223954436
1988,4,3,14,16.0767647371196
1989,4,3,14,31.5137733163403
1999,4,3,14,43.2778782550779
1950,1,4,12,11.9323820224719
1951,1,4,12,10.5942471910112
1952,1,4,12,16.0261348314607
1953,1,4,12,21.0979550561798
1954,1,4,12,9.34840449438202
1955,1,4,12,10.0091460674157
1956,1,4,12,17.7348539325843
1957,1,4,12,7.09004494382023
1958,1,4,12,5.43208988764045
1959,1,4,12,7.35269662921348
1960,1,4,12,10.3590337078652
1961,1,4,12,11.8520224719101
1962,1,4,12,5.50449438202247
1963,1,4,12,2.92930786516854
1964,1,4,12,4.27792584269663
1965,1,4,12,0.722022471910112
1966,1,4,12,1.4838202247191
1967,1,4,12,1.68937078651685
1968,1,4,12,0.457955056179775
1969,1,4,12,2.82175280898876
1970,1,4,12,0.232112359550562
1971,1,4,12,0.000134831460674157
1972,1,4,12,0.654539325842697
1995,1,4,12,0.00674157303370787
1996,1,4,12,0.91216
2003,1,4,12,0.27018
2004,1,4,12,0.17666
2006,1,4,12,0.24579
2007,1,4,12,0.22615
2008,1,4,12,0.24407
1950,2,4,12,11192.9038999938
1951,2,4,12,7256.21552946071
1952,2,4,12,7386.7015150385
1953,2,4,12,10693.1421630809
1954,2,4,12,8019.11684018946
1955,2,4,12,10594.5060637937
1956,2,4,12,12027.5964540564
1957,2,4,12,12912.0516465864
1958,2,4,12,13209.2079693679
1959,2,4,12,6596.97255986955
1960,2,4,12,9106.13805365463
1961,2,4,12,6204.25343295801
1962,2,4,12,7840.57100035485
1963,2,4,12,3884.30660333948
1964,2,4,12,4541.21885051588
1965,2,4,12,4602.40586796626
1966,2,4,12,2788.40960715165
1967,2,4,12,3989.73022379015
1968,2,4,12,1825.32013443738
1969,2,4,12,2021.52896644114
1970,2,4,12,1613.98105875028
1971,2,4,12,638.710145394159
1972,2,4,12,362.82800674286
1973,2,4,12,452.673419670929
1974,2,4,12,69.6941559835756
1975,2,4,12,400.714150818604
1976,2,4,12,438.281102457848
1977,2,4,12,503.01896680247
1978,2,4,12,566.545408768981
1979,2,4,12,536.670737703487
1980,2,4,12,730.934114813639
1981,2,4,12,1061.12922454652
1982,2,4,12,2067.46855573313
1983,2,4,12,1750.06818933982
1984,2,4,12,2059.1447422077
1985,2,4,12,1457.95550409447
1986,2,4,12,875.14436
1987,2,4,12,930.789704505957
1988,2,4,12,2348.34398728938
1989,2,4,12,1335.88974343982
1990,2,4,12,2406.62169
1991,2,4,12,1413.8173
1992,2,4,12,1120.61849
1993,2,4,12,1505.43031
1994,2,4,12,1516.62253
1995,2,4,12,1037.87059453359
1996,2,4,12,1831.12717
1997,2,4,12,3697.91926
1998,2,4,12,3163.89022
1999,2,4,12,3841.3026
2000,2,4,12,2946.628
2001,2,4,12,3524.96691
2002,2,4,12,3141.93995
2003,2,4,12,2053.45299
2004,2,4,12,1957.04931
2005,2,4,12,2390.90719
2006,2,4,12,2866.11376
2007,2,4,12,3763.81539
2008,2,4,12,3137.76134
1950,3,4,12,1572.76504835359
1951,3,4,12,1086.22957579475
1952,3,4,12,1232.18897333191
1953,3,4,12,1738.13320933878
1954,3,4,12,1152.98604025168
1955,3,4,12,1466.2165323079
1956,3,4,12,1813.42905759016
1957,3,4,12,1660.16779288856
1958,3,4,12,1652.00665761468
1959,3,4,12,938.503249079257
1960,3,4,12,1293.52643350683
1961,3,4,12,1000.46928530399
1962,3,4,12,1031.18293125172
1963,3,4,12,512.417727141962
1964,3,4,12,621.826796864811
1965,3,4,12,548.294739596589
1966,3,4,12,353.776235281429
1967,3,4,12,502.013802812775
1968,3,4,12,222.154396577969
1969,3,4,12,303.498675216233
1970,3,4,12,194.104486706202
1971,3,4,12,74.670183850951
1972,3,4,12,71.4515636425424
1973,3,4,12,53.196580329071
1974,3,4,12,7.82394401642445
1975,3,4,12,47.2858491813965
1976,3,4,12,51.7188975421524
1977,3,4,12,57.9810331975299
1978,3,4,12,66.854591231019
1979,3,4,12,63.3292622965131
1980,3,4,12,86.215885186361
1981,3,4,12,124.770775453477
1982,3,4,12,241.531444266865
1983,3,4,12,205.931810660179
1984,3,4,12,242.795257792302
1985,3,4,12,172.044495905527
1986,3,4,12,181.85564
1987,3,4,12,109.210295494043
1988,3,4,12,275.656012710616
1989,3,4,12,155.670256560177
1990,3,4,12,97.48431
1991,3,4,12,108.1827
1992,3,4,12,244.38151
1993,3,4,12,125.56969
1994,3,4,12,113.37747
1995,3,4,12,113.071907721897
1996,3,4,12,84.90662
1997,3,4,12,268.83218
1998,3,4,12,390.00998
1999,3,4,12,118.32128
2000,3,4,12,49.796
2001,3,4,12,60.33309
2002,3,4,12,82.86005
2003,3,4,12,62.15715
2004,3,4,12,20.77997
2005,3,4,12,8.02229
2006,3,4,12,28.26393
2007,3,4,12,23.76773
2008,3,4,12,27.51833
1950,4,4,12,622.668669630104
1951,4,4,12,552.840647553527
1952,4,4,12,836.293376798127
1953,4,4,12,1100.95667252411
1954,4,4,12,487.828715064477
1955,4,4,12,522.308257830991
1956,4,4,12,925.459634420825
1957,4,4,12,369.980515581216
1958,4,4,12,283.463283129744
1959,4,4,12,383.686494421981
1960,4,4,12,540.566479130676
1961,4,4,12,618.475259266092
1962,4,4,12,287.241574011413
1963,4,4,12,152.860361653393
1964,4,4,12,223.235426776617
1965,4,4,12,37.6773699652447
1966,4,4,12,77.4303373422069
1967,4,4,12,88.1566026105572
1968,4,4,12,23.8975139284694
1969,4,4,12,147.24780553364
1970,4,4,12,12.1123421839718
1971,4,4,12,0.00703592342955083
1972,4,4,12,34.1558902887545
1995,4,4,12,1.05075617147754
1996,4,4,12,4.05405
1997,4,4,12,15.24856
1998,4,4,12,32.4868
1999,4,4,12,0.14713
2002,4,4,12,10.5
2003,4,4,12,0.13468
2004,4,4,12,0.08806
2005,4,4,12,8.97152
2006,4,4,12,0.12252
2007,4,4,12,0.11273
2008,4,4,12,0.12166
1999,1,7,12,1
2000,1,7,12,0.0335
2004,1,7,12,1.1
2005,1,7,12,0.16
2000,2,7,12,0.0335
2001,2,7,12,0.6
2002,2,7,12,0.4
2003,2,7,12,0.08
1950,3,7,12,175.833
1951,3,7,12,410.634
1952,3,7,12,641.979
1953,3,7,12,70.02
1954,3,7,12,629.253
1955,3,7,12,61.344
1956,3,7,12,155.142
1957,3,7,12,384.246
1958,3,7,12,323.109
1959,3,7,12,432.531
1960,3,7,12,661.572
1961,3,7,12,600.687
1962,3,7,12,388.719
1963,3,7,12,843.3549
1964,3,7,12,587.7
1965,3,7,12,1266.3
1966,3,7,12,145.8
1967,3,7,12,187.3683
1968,3,7,12,14.769
1969,3,7,12,195.3
1970,3,7,12,252
1971,3,7,12,81
1972,3,7,12,111.6
1973,3,7,12,132.3
1974,3,7,12,16.2
1975,3,7,12,2.7
1976,3,7,12,2.7
1977,3,7,12,1.8
1978,3,7,12,0.9
1979,3,7,12,21.24
1981,3,7,12,2.7
1982,3,7,12,59.4
1983,3,7,12,33.3
1984,3,7,12,558.9
1985,3,7,12,271.8
1986,3,7,12,185.4
1987,3,7,12,334.8
1988,3,7,12,291.6
1989,3,7,12,530.883
1990,3,7,12,1429.4448
1991,3,7,12,842.4
1992,3,7,12,195.3
1993,3,7,12,71.1
1994,3,7,12,632.7
1995,3,7,12,115.2
1996,3,7,12,14.4
1997,3,7,12,57.6
1998,3,7,12,36
1999,3,7,12,27
2000,3,7,12,35.1335
2001,3,7,12,276.3
2008,3,7,12,2.7
1950,4,7,12,19.537
1951,4,7,12,45.626
1952,4,7,12,71.331
1953,4,7,12,7.78
1954,4,7,12,69.917
1955,4,7,12,6.816
1956,4,7,12,17.238
1957,4,7,12,42.694
1958,4,7,12,35.901
1959,4,7,12,48.059
1960,4,7,12,73.508
1961,4,7,12,66.743
1962,4,7,12,43.191
1963,4,7,12,93.7061
1964,4,7,12,65.3
1965,4,7,12,140.7
1966,4,7,12,16.2
1967,4,7,12,20.8187
1968,4,7,12,1.641
1969,4,7,12,21.7
1970,4,7,12,28
1971,4,7,12,9
1972,4,7,12,12.4
1973,4,7,12,14.7
1974,4,7,12,1.8
1975,4,7,12,0.3
1976,4,7,12,0.3
1977,4,7,12,0.2
1978,4,7,12,0.1
1979,4,7,12,2.36
1981,4,7,12,0.3
1982,4,7,12,6.6
1983,4,7,12,3.7
1984,4,7,12,62.1
1985,4,7,12,30.2
1986,4,7,12,20.6
1987,4,7,12,37.2
1988,4,7,12,32.4
1989,4,7,12,58.987
1990,4,7,12,158.8272
1991,4,7,12,93.6
1992,4,7,12,21.7
1993,4,7,12,7.9
1994,4,7,12,70.3
1995,4,7,12,12.8
1996,4,7,12,1.6
1997,4,7,12,6.4
1998,4,7,12,4
1999,4,7,12,3
2000,4,7,12,3.9335
2001,4,7,12,30.7
2008,4,7,12,0.3
2009,2,4,13,3137.32947
2010,2,4,13,2259.063
2011,2,4,13,1979.92
2012,2,4,13,2123.52753
2013,2,4,13,2434.299
2014,2,4,13,2145.70098
2015,2,4,13,1874.96666
2016,2,4,13,2362.80296
2009,3,4,13,27.02853
2010,3,4,13,33.41
2011,3,4,13,92.817
2012,3,4,13,111.1107
2013,3,4,13,98.847
2014,3,4,13,23.05496
2015,3,4,13,695.43637
2016,3,4,13,258.49316
2011,4,4,13,64.09
2012,4,4,13,76.72177
2013,4,4,13,30.491
2014,4,4,13,207.17866
2015,4,4,13,334.90647
2016,4,4,13,94.62248
